-- MySQL dump 10.11
--
-- Host: localhost    Database: queputamierda
-- ------------------------------------------------------
-- Server version	5.0.51a-3ubuntu5.4

/*!40101 SET @OLD_CHARACTER_SET_CLIENT=@@CHARACTER_SET_CLIENT */;
/*!40101 SET @OLD_CHARACTER_SET_RESULTS=@@CHARACTER_SET_RESULTS */;
/*!40101 SET @OLD_COLLATION_CONNECTION=@@COLLATION_CONNECTION */;
/*!40101 SET NAMES utf8 */;
/*!40103 SET @OLD_TIME_ZONE=@@TIME_ZONE */;
/*!40103 SET TIME_ZONE='+00:00' */;
/*!40014 SET @OLD_UNIQUE_CHECKS=@@UNIQUE_CHECKS, UNIQUE_CHECKS=0 */;
/*!40014 SET @OLD_FOREIGN_KEY_CHECKS=@@FOREIGN_KEY_CHECKS, FOREIGN_KEY_CHECKS=0 */;
/*!40101 SET @OLD_SQL_MODE=@@SQL_MODE, SQL_MODE='NO_AUTO_VALUE_ON_ZERO' */;
/*!40111 SET @OLD_SQL_NOTES=@@SQL_NOTES, SQL_NOTES=0 */;

--
-- Table structure for table `categories`
--

DROP TABLE IF EXISTS `categories`;
SET @saved_cs_client     = @@character_set_client;
SET character_set_client = utf8;
CREATE TABLE `categories` (
  `id` int(11) NOT NULL auto_increment,
  `name` varchar(255) default NULL,
  `description` varchar(255) default NULL,
  `created_at` datetime default NULL,
  `updated_at` datetime default NULL,
  PRIMARY KEY  (`id`)
) ENGINE=InnoDB AUTO_INCREMENT=8 DEFAULT CHARSET=utf8;
SET character_set_client = @saved_cs_client;

--
-- Dumping data for table `categories`
--

LOCK TABLES `categories` WRITE;
/*!40000 ALTER TABLE `categories` DISABLE KEYS */;
INSERT INTO `categories` VALUES (1,'Trabajo',NULL,'2009-05-05 21:39:31','2009-05-05 21:39:31'),(2,'Dinero',NULL,'2009-05-05 21:39:31','2009-05-05 21:39:31'),(3,'Salud',NULL,'2009-05-05 21:39:31','2009-05-05 21:39:31'),(4,'Niños',NULL,'2009-05-05 21:39:31','2009-05-05 21:39:31'),(5,'Amor',NULL,'2009-05-05 21:39:31','2009-05-05 21:39:31'),(6,'Sexo',NULL,'2009-05-05 21:39:31','2009-05-05 21:39:31'),(7,'Otros',NULL,'2009-05-05 21:39:31','2009-05-05 21:39:31');
/*!40000 ALTER TABLE `categories` ENABLE KEYS */;
UNLOCK TABLES;

--
-- Table structure for table `comments`
--

DROP TABLE IF EXISTS `comments`;
SET @saved_cs_client     = @@character_set_client;
SET character_set_client = utf8;
CREATE TABLE `comments` (
  `id` int(11) NOT NULL auto_increment,
  `title` varchar(50) default '',
  `comment` text,
  `created_at` datetime NOT NULL,
  `commentable_id` int(11) NOT NULL default '0',
  `commentable_type` varchar(15) NOT NULL default '',
  `user_id` int(11) NOT NULL default '0',
  PRIMARY KEY  (`id`)
) ENGINE=InnoDB AUTO_INCREMENT=211 DEFAULT CHARSET=utf8;
SET character_set_client = @saved_cs_client;

--
-- Dumping data for table `comments`
--

LOCK TABLES `comments` WRITE;
/*!40000 ALTER TABLE `comments` DISABLE KEYS */;
INSERT INTO `comments` VALUES (1,'','Qué asco, colega!','2009-05-05 21:44:44',2,'Story',2),(2,'','Eso si que es una tienda de mierda.....','2009-05-06 10:48:39',2,'Story',0),(3,'','eso es lo que yo llamo una puta mierda!!!!','2009-05-06 13:23:02',2,'Story',0),(4,'','Y el papel higienico estaba aldentro de la caja tbn?\r\nSeria mas asco aun...','2009-05-06 13:53:53',2,'Story',1),(5,'','Que lindo la historia, aunque no es una \"puta mierda\" ni una \"te lo buscaste\". ','2009-05-07 07:26:25',4,'Story',1),(6,'','Bueno es casi una puta mierda y un casi te lo buscaste, porque al fin y al cabo mi teléfono perdido estuvo todo el tiempo en mi bolsillo...(Se me olvido decir eso?)','2009-05-07 09:33:57',4,'Story',0),(7,'','jajaja Era un detalle importante. Yo lo he deducido pero es que tenía una pista previa.','2009-05-07 09:41:18',4,'Story',0),(8,'','ami me mandaron ala goma por andar kon dos al mismo tienpo y se en te terararon las dos y memandaron ala chin gada\r\n','2009-05-07 21:25:49',5,'Story',0),(9,'','locer crazy','2009-05-08 22:20:00',6,'Story',0),(10,'','sos un voludo no podes  pensar como enamorarla','2009-05-08 22:24:10',7,'Story',5),(11,'','no te entendi nada de lo que escribistes\r\n','2009-05-08 22:26:44',8,'Story',5),(12,'','que mas e cuentas','2009-05-08 22:28:00',8,'Story',5),(13,'','la neta no deberias ir tan rapidamente la vida es larga y a la mayoria de las mujeres nos gusta que nos sintamos queridas y la neta si ellas solo te buscan para pasarla un rato mandalas a la chingada porque no valen la pena...animo ','2009-05-09 01:19:50',8,'Story',0),(14,'','mira la neta debes de asegurarte de si vale la pena porque no te quiebres la cabeza por alguien que no lo merese y si es asi haste su amigo y ganate la confianza y cuando sepas que ella es incapaz de lastimarter lanzatele y asi veras si es un amor corresp','2009-05-09 01:24:54',7,'Story',0),(15,'','no te desanimes solo amigos asi esta bien como poder enamorarla cuando tiene novia no seas menso a nosotras no nos gusta que nos molesten cuando tenemos novio piensalo.......no te entrometas esoera a que terminen.....osino ella se fastidiara de ti........','2009-05-09 01:28:03',7,'Story',0),(16,'','sabes preguntate porque lo amas si es por su fisico estas loca si nadamas quieres usarlo te va a lastimar y si no es asi y no sabes porque te gusta es pura obsesion piensa antes de actuar','2009-05-09 01:30:03',6,'Story',0),(17,'','y que onda contigo amiguito0 que te desaparecs cada vz que quiers sabes? yo te extrañ muchjo pero tu nada que te aparecesa ojola tengas tiepo de respondern\r\nme añgun dia te quiero muchotote A\r\n\r\ntte MAYRA','2009-05-09 07:25:11',10,'Story',0),(18,'','y que onda contigo amiguito0 que te desaparecs cada vz que quiers sabes? yo te extrañ muchjo pero tu nada que te aparecesa ojola tengas tiepo de respondern\r\nme añgun dia te quiero muchotote A\r\n\r\ntte MAYRA','2009-05-09 07:25:12',10,'Story',0),(19,'','','2009-05-09 07:26:48',4,'Story',0),(20,'','no entendo lo que escribiste....sorry...pero es algo komo mas comico que triste ......\r\nbye...suerte','2009-05-09 19:27:42',13,'Story',0),(21,'','','2009-05-10 02:12:23',12,'Story',0),(22,'','la verdad tenes que dejarlo ir por mas que duela mucho yo estoy comenzando una relaciion nueva ii ojala todo salga bien aunq lo hice porq estaba segura de habver olvidado a mi ex','2009-05-10 03:44:46',14,'Story',0),(23,'','umm  tu sufriendo y yo agarrandome de tu cuerda, yo conoci a un tipo en unos dias por internet que idiota soy el me dijo te quiero yo le reclamaba q no se conectara aveces y sentia q no le importaba me borro de su correo y ni una razon me dio estoy bastan','2009-05-11 00:13:09',8,'Story',0),(24,'','jajajajaja que cagada con la limpiadora... pero bueno que se le puede hacer... esa era la suerte de ella... jajajajaja','2009-05-11 03:42:35',2,'Story',8),(25,'','e pasado lo mismo y te comprendo y lo uniko q rt puedo decir es q el timepo es el q va ayudar, es feo cuando no valoran los sentimientos y nadamas juegan con ellos, la vida sigue amigo vivela y superate y no t sierres al amor ni por despecho inicies una r','2009-05-11 05:25:29',14,'Story',7),(26,'','bobo marica a las mujeres no se les ruega','2009-05-11 16:29:58',18,'Story',0),(27,'','YA PASARA es duro, pero ya pasar´´a','2009-05-11 20:11:59',18,'Story',0),(28,'','jajaja !!! que wenaaaa lo k cuentas julia!','2009-05-11 21:31:06',1,'Story',1),(29,'','jajaja !!! que wenaaaa lo k cuentas julia!','2009-05-11 21:34:22',1,'Story',1),(30,'','Ea, por comé lo que no debes!','2009-05-11 21:44:49',19,'Story',0),(31,'','bueno te aconsejo k esperes a tener la mayoria de edad ya k el puede tener problemas por esopero si los dos lo desean agan lo k le mnde el corazon','2009-05-11 23:15:25',20,'Story',0),(32,'','bueno amigo yo tengo una historia similar a esa sabes alveses la vida es dura pero yo te digo q si la kieres y te kieres a ti mismo como persona y sabes q ella ya no kiere nada contigo o simplemente kires buscarla pues yo creo q es mejor q te conctactes c','2009-05-11 23:29:47',18,'Story',0),(33,'','hola me llamo alejo d manizales y mi opinion s q les des una explicacion d lo Q ESTA PASANDO COMO POR EJEMPLO HABLAR CON CADA UNO Y DECIRLES Q POR UN MAL ENTENDIDO NO SE PUEDE ACABAR LA RELACION Y QUEDATE CON EL Q TE SATISFASCA MAS','2009-05-12 00:35:52',15,'Story',0),(34,'','hola me llamo alejo d manizales y mi opinion s q les des una explicacion d lo Q ESTA PASANDO COMO POR EJEMPLO HABLAR CON CADA UNO Y DECIRLES Q POR UN MAL ENTENDIDO NO SE PUEDE ACABAR LA RELACION Y QUEDATE CON EL Q TE SATISFASCA MAS','2009-05-12 00:35:57',15,'Story',0),(35,'','el pendejete q puso el comentario de bobo marica solo le digo una cosa q tu eres mas marica si vas a decir algo pon tu nombre y no anonimo y a los otros 2 comentarios gracias y no no la voy a buscar otra vez almenos loq m keda d dignidad ya no m lo permit','2009-05-12 02:58:00',18,'Story',0),(36,'','si tienes ganas aslo pero usa proteccion y solo queda decir Q LO DISFRUTES MUCHO','2009-05-12 03:07:47',20,'Story',0),(37,'','Has ido a dar con un idiota, no sabe ni dónde tiene los huevos, el dia que tu ni lo mires y pases con la cabeza bien alta por su lado ese dia el querrá aclararlo todo, la cuestión es que tu no deberías ni dignarte a mirarle a la cara','2009-05-12 14:35:41',21,'Story',0),(38,'','Has ido a dar con un idiota, no sabe ni dónde tiene los huevos, el dia que tu ni lo mires y pases con la cabeza bien alta por su lado ese dia el querrá aclararlo todo, la cuestión es que tu no deberías ni dignarte a mirarle a la cara','2009-05-12 14:35:52',21,'Story',0),(47,'','Te dió un \"Te lo buscaste\" por que igual no haze sentido de convencer las personas a no tomar drogas. Ellos mismo deben saber si lo hazen o no...','2009-05-12 17:12:21',24,'Story',0),(48,'','JAJAJA, esa es la mejor historia de que puta mierda!!!','2009-05-12 17:13:05',19,'Story',0),(49,'','AJAJAJAJAJAJ........\r\nQ hijo de pt@!!\r\nq sucio infeliizzz...\r\ny yo q andos kn ganas de experimentar tmbn con sepas\r\nXD\r\nXD','2009-05-12 17:26:54',19,'Story',0),(50,'','Diiiooss!!!!\r\nq hijo de put@!!!\r\nami kasi me paso algo parecidoo\r\nXD\r\nterrible verguenzaa...\r\njajajaja','2009-05-12 17:31:09',2,'Story',0),(51,'','jajaja\r\nq mala suerte amiggo\r\nXD','2009-05-12 17:37:05',16,'Story',0),(52,'','jajajajjja...eso no te lo crees ni tu.....\r\nes mas komo un chiste ke una historia......jajajajjuajuajua\r\n','2009-05-12 19:24:31',25,'Story',4),(53,'','si no te satisfacee no te satissfaceee, entoncess abrete al mundo que esta llenos de grandes hombress ','2009-05-12 20:47:38',20,'Story',0),(54,'','a lo mejor fue una alucinación!!! lo de la mierda por la pierna digoo jajjajaj','2009-05-12 20:50:06',19,'Story',0),(55,'','QUE LE DES POR EL CHIQUITO PARA QUE SIENTA LA REATA, ASLO Y TE DARA RESULTADO','2009-05-13 02:31:13',27,'Story',0),(56,'','es porque tas  echa mierda','2009-05-13 03:35:11',15,'Story',0),(57,'','cogele la pinga y chupasela, en la camilla de su oficina','2009-05-13 03:37:19',20,'Story',0),(58,'','y sin papel o con ropa?','2009-05-13 03:46:45',2,'Story',0),(59,'','que puta mierdaa weonn','2009-05-13 03:56:10',19,'Story',0),(60,'','Jajaja ¡Es genial! Parece un chiste. XD','2009-05-13 10:16:45',26,'Story',2),(61,'','bghjggkugkjkjh','2009-05-13 19:56:29',27,'Story',0),(62,'','estimado,te arriesgas demasiado porque ella no toma su relacion en serio contigo , mejor dejala las mujeres tienen mayor madures que los hombres','2009-05-14 02:19:53',27,'Story',0),(63,'','no seas mamon\r\n','2009-05-14 13:55:01',25,'Story',0),(64,'','amigo...ke bueno ke esa chika fue sincera....eso es muy valorable...tu solo as lo ke tu corazon diga...y si tu mente lo acepta...pues arriesgate.y si no....man....\r\ntu si ke sufriras....bye....','2009-05-14 20:03:14',27,'Story',4),(65,'','jajaja no mames que pendejesedes xD','2009-05-14 22:18:11',16,'Story',0),(66,'','jajajajaja no vengas xD pinche cagon jajajajajaja','2009-05-14 22:24:28',19,'Story',0),(67,'','el amor existe confia en el a todos nos llega pero hay que vivir las historias amorosas con tranquilidad a un buen ritomo pero tranquiloss que el mundo no se acaba todo llega rodando','2009-05-14 23:22:02',28,'Story',0),(68,'','maricona olbidalo y ya pensa en otro no en ese marica\r\n','2009-05-15 01:45:11',17,'Story',0),(69,'','lo ubieras mandado a la chingada','2009-05-15 03:41:30',24,'Story',0),(70,'','MIRA YO PIENSO QUE ES DIFISIL PARA TI, PERO SAVES UNA COSA, ESA MUJER NO ES PARA TI TAL VAS, SOLO DALE APOYO POR LO QUE LE A PASADO, NO LE DIGAS QUE ASES CUALQUIER COSA PARA ESTAR SERCA CON ELLA POR QUE ELLA TE SEGUIRA USANDO, UNA PERSONA QUE EN REALIDAD ','2009-05-15 04:31:30',27,'Story',0),(71,'','QUE PUTA MIERDA ESPERAS PARA COJERTELO ... AHHHH ','2009-05-15 15:19:34',20,'Story',0),(72,'','¡Buenísimo!jaja','2009-05-15 19:17:58',26,'Story',0),(73,'','que estupida, y cerda eres','2009-05-15 20:41:02',2,'Story',0),(74,'','','2009-05-15 20:41:06',2,'Story',0),(75,'','Si tú quieres puedes reconquistar a esa chica, la clave es que ella note lo que tú realmente vales y que sienta que te ha perdido.\r\n\r\nDeja de buscarla por un tiempo, no le regreses sus llamadas, y veras que ella te buscará. http://www.comoenamorarmujeres.','2009-05-15 23:06:02',28,'Story',0),(76,'','es q seguro tu qreias qe en vrd la asias sentir la muJer maz feliz dl mUndo.. quando en realidad .. ella no sentia eso.. & si te pidio un tiempo yo qreo q fue para provarte y ver si la qieres o no! ... yo qreo q deverias volver a enamoralaa!! ... pues el ','2009-05-16 02:58:10',28,'Story',0),(77,'','qe puuxa.. si te dijo q sige qeriendo a su ex! olvidala!* .. o x lo menos qeden d amigos! xq algo d dignidad deves de tener .. solamnt dejal ir..!! vamoos hay muuuxiisiiimas xikz!* ... ;)!! ','2009-05-16 03:15:14',27,'Story',0),(78,'','jajaj* q peeeeena* me das* ahaha','2009-05-16 03:15:53',25,'Story',0),(79,'','Hola jijiji pues oye estamos en una situacion similar y si, la vida es dura pero? comparada con qe? no te preocupes estamos casi casi en la misma situacion nadamas qe en mi historia su es c cambia por mi mejor amigo jaja mmm bueno\r\nsabes? deves de saber q','2009-05-16 14:38:47',18,'Story',0),(80,'','mas vale que te chupen un huevo y hace tu vida','2009-05-16 21:54:01',31,'Story',0),(81,'','si tu perra es tan perra entonces cuando te la tires tiratela con condon y asi cuidas tu salud o si no corres el peligro de contagiarte con sida','2009-05-17 00:01:32',32,'Story',0),(82,'','asu mare!! bro tas cagao !!! uhm... suave con las enfermedades weon son recagadas /asu q rico mare tons por el culo? jaja yo me tire a mi primita de 15 añitos y la primera vez fue por el culo jaja serio pero solo con ella bro ...man cuidao con tu flaquis ','2009-05-17 00:42:39',32,'Story',0),(83,'','mi guaxo antes pensaba q el uto planeta solo existia mi pololo pero cuando me patio me di la buelta y creeme esta lleno de minas y obviamente d minos \r\n','2009-05-17 05:11:05',33,'Story',0),(84,'','a mi me pasa lo mismo y se lo dije desde el primer dai que la conoci me llevo muy bien con ella pero no me ntrometido en su relacion pues si termina ahi vere como le hago xD por lo mientras tu intenta conocerla o pidele que te una oportunidad para que le ','2009-05-18 22:10:57',7,'Story',0),(85,'','sigue tragando esas madres cabron xDDDDDDD','2009-05-18 22:13:53',19,'Story',0),(86,'','pues lo mejor seria ver si tu tambien le gustas y si si as el intemto pero si no mejor aste aun lado','2009-05-19 02:54:31',7,'Story',0),(87,'','jajaja qu-e buena onda, me gustaría algúm día hacer una locura así... bien por tí.','2009-05-19 03:27:21',11,'Story',17),(88,'','jajaja:: no mames. te lo mereces por ppp','2009-05-19 03:32:05',19,'Story',17),(89,'','Yo no entiendo ná. Que luego digan que las locas son las tías...','2009-05-19 07:41:46',40,'Story',0),(90,'','Si el \"mejor amigo\", despues de contarte que no quiera hacerte daño, dice algo tan estupido como \"pero no vas a llorar?\" me parecze un mal \"mejor amigo\". Tambien si no quiere hazerte daño para que besar? Eso haze daño si despues no te quiere besar mas. Tampoco se habla de esas cosas delante de los amigos, parecze que queria quedar como el grande que debe decir a las chicas que no tienen chance con el. Todo en todo muy estupido, pero quien sabe, tal ves solo estaba muy muy borracho','2009-05-19 15:23:37',40,'Story',1),(91,'','A PENDEJA QUE PUTAS TE ENEMORAS ENTONCES SI LA VIDA SOLO SE TRATA DE JODER Y COJER PENDEJA','2009-05-19 19:49:23',17,'Story',0),(92,'','SOLO SOLTALE EL CULO Y YA JODE A MORIS PENDEJE DEJATE DE HUECADAS DE ESTAR ENAMORADA PENDEJA SOLO COJETELO Y YA CABRONA','2009-05-19 19:54:10',6,'Story',0),(93,'','kee pokaa ke ascoo\r\n\r\n\r\n\r\n','2009-05-19 22:48:59',2,'Story',0),(94,'','bueno en tu lugar yo no estaria con el pork no me parese que el este co migo y con otra asi k dejalo ir hay muchos hombres en esta vida para k tu vengas a desperdiciar tu tiempo con basura pork esa clase de hombre no se le llama hombre asi k no vuelvas con el de muestrale k tu tiene dignidad y no deje k el se aproveche de ti por el amor k tu siente por el te lo digo por experiencia besitos cuidate y piensalo bien bayyyyy','2009-05-19 23:41:56',41,'Story',0),(95,'','','2009-05-20 01:49:03',42,'Story',0),(96,'','','2009-05-20 01:49:03',42,'Story',0),(97,'','','2009-05-20 01:49:03',42,'Story',0),(98,'','','2009-05-20 01:49:04',42,'Story',0),(99,'','','2009-05-20 01:49:04',42,'Story',0),(100,'','ese no era tu mejor amigo es un puto. odialo para siempre\r\n','2009-05-20 03:15:58',40,'Story',0),(101,'','Mira a lo mejor lo hizo por borracha, pero uno no tiene que estar aguantando que lo traten mal, creo si uno se pone de modo se lo hacen menso y la verdad no es onda que se pase, el haber hecho eso delante de todas tus amigas demuestra lo poco que le interesas, antes de continuar ¿tú no le hiciste nada??? Soy paloma','2009-05-20 03:52:12',42,'Story',0),(102,'','','2009-05-20 03:55:28',41,'Story',0),(103,'','','2009-05-20 03:56:20',41,'Story',0),(104,'','Creo que es un pendejo que no sabe lo que quiere y tú para qué quieres un baboso así mejor busca un hommbreee que tome desiciones un hombre que sepa tratar a una mujer, no tontuelos que de seguro no te aprecia, toma la desición tú y sé fuerte, hombres hay muchos si t´´u te valoras harás que los demás también lo hagan , suerte!!!','2009-05-20 03:58:31',41,'Story',0),(105,'','consiguete otra y as lo mismo q tambien sienta lo mismo.','2009-05-20 13:48:55',45,'Story',0),(106,'','gracias por los consejos pero boy a esperar q el benga po q el no esta aca y pues yo estoy pensando en desquitarme, acerle una picardia, lo q pasa es q no la llebamos muy bien sexualmente y tanbien creo q es por eso q esta con migo pero como todo hombre dice q no, espero comentarios.','2009-05-20 14:05:07',41,'Story',0),(107,'','dale celos, es lo q mas les caga a las mujeres despues de que teminan contigo','2009-05-20 14:34:32',45,'Story',19),(108,'','jajajaja\r\nque puta mierda!','2009-05-20 15:23:10',43,'Story',1),(109,'','a mi me pasa lo mismo siento que kiere terminar co su esanamorado pork cuando esta con el me mira sin k su enamorado se de cuenta k nos miramos y aveces veo k en el salon donde estudiamos ella no se kiere sentar con el jejjeje y siempre cruxamos miradas en el salon pueda k si le digo k me gusta ella tb me responda igual pero eso si solo kda esperar....o sino mirar a otro rumbo','2009-05-20 17:14:32',7,'Story',0),(110,'','hey tiooooo a mi me pasa lo mismo k tu estoy pasndo por una depresion por pensar k no he amado en verdad a pesar de las muchas veces k he estado con chicas muy bonitas pero todo era tan rapido k solo dura poco ahora se k aun no he amado o tengo algun recuerdo de alguien en verdad solo espero llegar a conocer esa persona k cambiara mi vida y no me desanimo y sigo buscando trato de ser fuerte y pensar en mis estudios y esas cosas espero haberte ayudado','2009-05-20 17:19:30',8,'Story',0),(111,'','','2009-05-20 18:54:37',48,'Story',0),(112,'','NO creo que eso tenga futuro, mejor consiguete otra persona y no cometas los ismos errores.\r\n','2009-05-20 21:36:57',52,'Story',0),(113,'','NO creo que eso tenga futuro, mejor consiguete otra persona y no cometas los ismos errores.\r\n','2009-05-20 21:37:13',52,'Story',0),(114,'','NO creo que eso tenga futuro, mejor consiguete otra persona y no cometas los ismos errores.\r\n','2009-05-20 21:37:13',52,'Story',0),(115,'','NO creo que eso tenga futuro, mejor consiguete otra persona y no cometas los ismos errores.\r\n','2009-05-20 21:38:04',52,'Story',0),(116,'','yO CREO QUE TE LE DEBES ACERCAR A LO MEJOR LAS MUJERES SOMOS MÁS TÍMIDAS Y NOS DA MIEDO EL RECHAZO, POR LO QUE ES MEJOR QUE SE LO DIGAS TÚ PERO CON DETALLES PRIMERO, POR EJEMPLO DEJALE SABER QUE TE CAE BIEN, LLEVALE UNA PALETITA Y SI QUIERES CONQUISTARLA MÁS ENTONCES SÉ AMIGO DE SUS AMIGAS VERÁS CÓMO ELLAS EMPIEZAN A HABLARLE DE TÍ, PERO SIEMPRE QUE ELLA SEA EL PRIMER LUGAR EN TODO.','2009-05-20 21:54:04',47,'Story',0),(117,'','ENTRALE MANO PORQUE ASI ME PASO A MI CON UN PRIMA NUNCA ME ANIME Y SE FUE A LA MIERDA Y ME QUEDE CON LAS GANAS \r\nSI TE DICE QUE NO PUES ELLA SE LO PIERDE\r\n','2009-05-20 23:06:54',53,'Story',0),(118,'','invitala a salir quisas a una discotega as q se pase de tragos y si te acepta es por q te interesa un poquito y si no dejala pasar y buscate otra.','2009-05-21 13:29:29',53,'Story',0),(119,'','lo unico q puedes acer es estar con tu mujer o si no por q te casastes con ella, si no te complase con lo q tu quiers propongaselo y agan muchas cosas divertidas asy no tienes q estar bscando por otro lado lo q te pueden dar en casa.','2009-05-21 13:34:33',54,'Story',0),(120,'','OK, OTRAS DE LAS COSAS DE ELLA NO TOMA Y MUY POCAS VECES ME VISITA A LA CASA Y AHORA EN ESTOS PROXIMOS DIAS NOS INVITO AMI Y A MI ESPOSA A SU CASA PORQUE UNA DE SUS HIJAS CUMPLE AÑOS, PERO MI DUDA ES DE QUE ELLA NO TOMA, Y LO QUE ESTOY PENSANDO DE QUE LA BOY A INVITAR A UN LUGAR PARA PATICARLE DE SEXO Y COMO EVITAR PARA ALGUN CONTAGIO, COMO VEN?.\r\n','2009-05-21 14:20:57',53,'Story',0),(121,'','piche calenturientaaaaaaaaaaaa','2009-05-21 19:13:28',35,'Story',0),(122,'','hay tu no tienes madre estas loko ','2009-05-21 19:33:16',53,'Story',0),(123,'','FUE TONTO UN HOMBRE TONTO SIEMPRE HACE ESO Y COMO ERES TU FLACA ALTA MORENA BAJA','2009-05-21 23:24:57',30,'Story',0),(124,'','TE DIO DEMASIADO MIEDO CUANDO TE PASO ESO BUENO ESCRIBEME TU NOOOMBRE','2009-05-21 23:29:57',1,'Story',0),(125,'','','2009-05-21 23:44:04',57,'Story',0),(126,'','PUES BETE ALAMIARDA Y DEJALA TRANQUILA Y BUSCATE UNA SIN COMPROMISO NOBAYASER Q TE PARTAN LAMIARDA A.TT. LA SOMBRA','2009-05-21 23:47:59',54,'Story',0),(127,'','PUES BETE ALAMIARDA Y DEJALA TRANQUILA Y BUSCATE UNA SIN COMPROMISO NOBAYASER Q TE PARTAN LAMIARDA A.TT. LA SOMBRA','2009-05-21 23:48:01',54,'Story',0),(128,'','no tranquila hagale tu puedes ya no iniciastes ahora terminalo y nunca te arepentiras ok ok ','2009-05-22 01:21:00',57,'Story',0),(129,'','hagale preguntale loq sea q si ente mira q tu dices como te mira , pues en tartara de seguir un poco adelante pues claro con ayuda tuyasa y pues q te digo poco llegaran los temas expotanemente y llegara tu turno de avanzar ok suerte\r\n','2009-05-22 01:23:16',56,'Story',0),(130,'','Diay viejo... debe ser que no te gusta tu vieja... cuidado y mas bien te estas comprando todos los boletos de la loteria. Suerte!!','2009-05-22 03:21:15',54,'Story',0),(131,'','la neta va aregresar contigo a un que se bese con mil chavas ','2009-05-22 05:48:24',60,'Story',0),(132,'','Hola, pues yo soy Paloma y a mí me pasó que me enamoré de mi mejor amigo, pero él nunca me hizo caso, tomé la decisión de alejarma por un tiempo para olvidarlo y fue peor el otro día me sentí desepcionada de él, porque me dijo cosas muy hirientes y creo que no es mi amigo, así es que si tú quieres a tu amiga, dile con la mano en el corazón lo que sientes por ella en privado, a las mujeres no nos gusta que nos expongan y explícale ´porque te enamoraste de ella, verás que a lo mejor todavía siente algo por ti, porque donde hubo fuego cenizas quedan.','2009-05-22 20:03:22',61,'Story',0),(133,'','Hola a mi me fue mal con una chica que conoci en el trabajo la verdad es deque estoy enamorado  de ella no dejo de pensar en ella y no se como desirle que la amo mucho me puse nervioso en nuestra primera cita y lo arruine todo ella como que se fue desepcionada aconsejenme porfa','2009-05-22 21:56:19',60,'Story',0),(134,'','PUES  QUE   QUE NUCA  DE BEMOS  ENENA MORARNOS  PERDIDAMETE\r\nPOR  QUE COMO  CADA  HOMBRE  SON  MUY   FALTONES  COMO MEPASO\r\nAMI  MINOVIO\r\nESTADO  CON MIGO  SE GOSOCON  LA MEJOR AMIGA DE EL LLAMADA ANGUI  \r\nY  MI EX  SE LLAMA  JUAN SEBASTIAN  PELAEZ  CASTILLO  AQUIEN AMARA\r\nPERO PORLOQUEMEISO NOLO PERDONARE','2009-05-22 22:06:55',61,'Story',0),(135,'','te amo\r\n','2009-05-23 00:33:24',65,'Story',0),(136,'','','2009-05-23 00:41:47',65,'Story',0),(137,'','nena casi asi me paso a mi pero que va, pero no te dejes morir hombres hay muchos y no te rebajes el es el que perdio y despues lo pagara te cuidas att IVAN','2009-05-23 00:52:39',30,'Story',0),(138,'','uy changooo.....q cagada a mi me pasa lo mismo, con los chicos........no entiendo:S','2009-05-23 03:59:51',8,'Story',0),(139,'','','2009-05-23 04:11:31',65,'Story',0),(140,'','besalo.','2009-05-23 05:25:48',68,'Story',0),(141,'','jaja que mal ,, es una istoria basante grasiosaa','2009-05-23 05:26:53',26,'Story',0),(142,'','jaja que mal te confundiste o el era el ombre?','2009-05-23 05:30:09',23,'Story',0),(143,'','HAII QUE ASCOO II FEO II GRACIOSO QUE TE DIJO LA LIMPIADORA?=','2009-05-23 05:32:28',2,'Story',0),(144,'','HAII QUE ASCOO II FEO II GRACIOSO QUE TE DIJO LA LIMPIADORA?=','2009-05-23 05:32:35',2,'Story',0),(145,'','eso te paso por pajuo','2009-05-23 06:14:16',2,'Story',0),(146,'','muchas gracias me servira de algo','2009-05-23 11:54:03',45,'Story',0),(147,'','te aconsejo que te alejes de el ademas tu sabias que el tenia novia espera que llegue una persona especial a tu vida y que ojalal no sea comprometida.\r\nal menos tu si tiens alguien yo no tengo a nadie no se que hacer para encontrar un verdadero amor.l','2009-05-23 12:30:55',67,'Story',0),(148,'','hasle caso, guisando es que se prueba','2009-05-23 13:41:21',66,'Story',0),(149,'','hola,yo te aconsejo q lo enfrentes y le cuentes de tus sentimientos,para q sepas q hacer y no te enpelicules tu sola','2009-05-23 16:45:12',67,'Story',0),(150,'','estubo bueno mejor  mi correo es tupapi_yo_45@hotmail.com chau','2009-05-23 16:51:59',26,'Story',0),(151,'',' (salome) x el culo es muy bueno pero tambien de cuidado,por el aseo y las esfermedades!!cuidate','2009-05-23 16:58:18',32,'Story',0),(152,'',' DEFIENDE POR TODO SU GRUPO DE \"AMIGOS\" QUE SON UNOS PENDEJOS MANIPULADORES QUE ODIO CON TODO EL ALMA SI SON MAS IMPORTANTES QUE YO QUE SE VALLA AL DEMOMIO LA PERRA','2009-05-23 20:17:39',70,'Story',0),(153,'','tu puedes no tealteres calmete y te juro q regresara contigo asi me paso ami,.,.,., q puta madre de mis arepentimientos','2009-05-24 12:20:24',5,'Story',0),(154,'','tu puedes no tealteres calmete y te juro q regresara contigo asi me paso ami,.,.,., q puta madre de mis arepentimientos','2009-05-24 12:20:29',5,'Story',0),(155,'','pues mira lo mejor es ke ya agan las pases por ke si no tu te bas a arrepentir y tabien el tarde o tenprano te ba acer sentir celos com otra chava´..','2009-05-24 13:38:50',5,'Story',0),(156,'','y no tebayas a arrepentir a la primera por ke si no ba estar juganndo contigo y tu tanbien no ballas a estar jugando con el por ke si no ba estar seguro ke eres una cualkiera ero tanbien calmate...........\r\natt 4lmx','2009-05-24 13:44:36',5,'Story',0),(157,'','pues empieza diciendole que hoy se ve muy linda, tanto que mi corazon revienta o algo asi no¿? y ya despues le dices que como le ha ido, que que musica le gusta, cuales son sus pasatiempos y siempre dí un monton de chistes o haz cosas que haga que se ria, bromea mucho con ella, ya que a las niñas no les gustan los chavo serios si n nada que decir, luego le preguntas que como era su ex novio, que como le gusta que sean sus novios y luego le preguntas que si le gustaria tener novio y entonces te le quedas viendo muy coqueto osea komo si estuvieras chiviado, namas vela y sonriele y si te gana la pena o te pones muy rojo no mas dile no se que haria con una chava tan linda como tu o yo nunca me chiveo, nadamas cuando estoy enfrente de un angel caido del cielo, y sigen platicando, ya al último cuando te despidas robale un beso de 1/4 de boca o si sentiste que ella te correspondía dale uno de media voka\r\n\r\nAtte .:Snoopy:.','2009-05-24 17:31:50',71,'Story',21),(158,'','','2009-05-24 23:10:57',71,'Story',0),(159,'','buscate alguien que te quiera no ese cabron de mierda tu te mereces algo mejor','2009-05-24 23:45:11',67,'Story',0),(160,'','Todo el mudo esta con alguien por CONVENIENCIA..','2009-05-25 10:48:01',70,'Story',23),(161,'','si follas bien seguro de k no te ha puesto los cuernos','2009-05-25 15:34:00',73,'Story',0),(162,'','que pendejo eres prueba el amor libre','2009-05-25 21:07:01',8,'Story',0),(163,'','no seas 2do plato en el menu.mas arriba hay mas restauranes','2009-05-25 21:24:32',5,'Story',0),(164,'','','2009-05-25 21:25:05',5,'Story',0),(165,'','donde no hay lealtad no hay confianza,y sin confianza no hay amor.','2009-05-25 21:26:24',5,'Story',0),(166,'','si que te cachae a cada rato total el ya sabes que no lo amas','2009-05-25 22:47:34',74,'Story',0),(167,'','si queres vos cojemos \r\n','2009-05-25 23:46:40',74,'Story',0),(168,'','si claro mietras no le rompas el corason\r\n','2009-05-26 00:03:35',74,'Story',0),(169,'',' olvidalo y reace tu vida no te lastimes mas','2009-05-26 00:04:49',77,'Story',0),(170,'','aii pero q wei no juegues con eso..o mas bien dile que no lo quieres,quenada mas quieres placer y ya ..que no se aga ilusiones contigo','2009-05-26 04:33:23',74,'Story',26),(171,'','','2009-05-26 06:23:56',78,'Story',0),(172,'','la verdad mejor ni pierda el tiempo, una vez que las cosas terminan no hay vuelta atras, trate de llevar una relación con el sana por el bien de su hijo, no se enrede más y trate de seguir con su vida.','2009-05-26 06:45:58',77,'Story',0),(173,'','Pues te aconsejaria que miraras si en el hay algo de ti y si te corresponde, no te adelantes ante los hechos depronto te equivocas o puedes crear una imagen ante el no muy buena, tienes q ser una mujer decidida, eso es algo de muchas cosas q le encantan a los hombres ademas la edad en el amor no se mide nadie dice que si el resultado sea un no no duela o sea duro pero lo que es para uno siempre estara hay y lo que no aunque lo amemos tarde o temprano se va, si estas segura de lo q te acabe de decir vulve hacer un recuentro con el, y ya las cosas fleuiran como tienen q ser. Bueno suerte aun q espero q no la necesites chao..  ','2009-05-26 14:48:09',78,'Story',0),(174,'','jaja,ke buena historia........','2009-05-26 15:39:51',11,'Story',0),(175,'','olAAA!!!PS LOGICOOO....SE PONE CELOXO(A), TRATA DE HACER Q NO LE IMXTA TU VIDA,PERO EN EL FONDOOO LE IMXTAS Y MUXOOO, NO LE GHUSTA MUXO LAIDEA Q TU T DIVIERTAS Y ANDES CON OTRAS PERSONAS DE TU SEXO OPUESTo.','2009-05-26 21:17:25',82,'Story',0),(176,'','mira si el ya no te quiere mejor trata de olvidarlo pues el no sabe lo que se esta perdiendo porque contigo ya tiene una familia a alguien que este con el en los momentos dificiles.','2009-05-26 22:01:55',77,'Story',0),(177,'','mira si el ya no te quiere mejor trata de olvidarlo pues el no sabe lo que se esta perdiendo porque contigo ya tiene una familia a alguien que este con el en los momentos dificiles.','2009-05-26 22:02:06',77,'Story',0),(178,'','mira si el ya no te quiere mejor trata de olvidarlo pues el no sabe lo que se esta perdiendo porque contigo ya tiene una familia a alguien que este con el en los momentos dificiles.','2009-05-26 22:02:07',77,'Story',0),(179,'','mira si el ya no te quiere mejor trata de olvidarlo pues el no sabe lo que se esta perdiendo porque contigo ya tiene una familia a alguien que este con el en los momentos dificiles.','2009-05-26 22:02:24',77,'Story',0),(180,'','Tio, QUEPUTAMIERDA.\r\n\r\nYo tbn una ves en thailandia me cogí una papa muy gorda y una mujer muy muy guapa me empezó a hablar y preguntarme si quiero tener sexo en una esquina por alli. Antes que lo puediera pensar un tio me dio un golpe a la espalda y me dijo \"This is a ladyboy\", o sea \"esto es un hombre\", K asco dios!!','2009-05-27 00:26:25',85,'Story',1),(181,'','\r\npasalo nisiquiera l conociai d verdad    ','2009-05-27 03:38:30',17,'Story',0),(182,'','Invitalo a follar a tu casa. . .\r\nA todos los hombres nos gusta eso no importa que pensemos que la chica es un puta. . .','2009-05-27 14:31:15',9,'Story',0),(183,'','POSIBLEMENTE LO SEAS PERO LLA PUEDES VER QUE UNO NO DEBE MENTIR  NI BEBER MUCHO JAJAJA','2009-05-27 14:40:07',85,'Story',0),(184,'','QUE MENSO BOLUDO COMO DEMONIOS SE TE PUDO OLVIDAR','2009-05-27 14:41:28',2,'Story',0),(185,'','QUE BOBA AMOR DE INTERNET ES AMOR DE PENDEJOS\r\n','2009-05-27 14:45:03',17,'Story',0),(186,'','PUES TU FUISTE LA PUTA QUE NO SUPISTE CONOCER AL TIPO. EXISTEN HOMBRES CALLADOS Y SI LO QUERIAS MUCHO PUES SOLO TENIAS QUE BANCARTE SU PERSONALIDAD. ARRIESGATE MUCHO Y LO PERDISTE POR WEONA. DE LOS ERRORES SE APRENDE.','2009-05-27 14:46:25',30,'Story',0),(187,'','SECRUESTRALA Y VIOLALA. LUEGO LA DESCUARTIZAS Y ESCONDES TODA LA EVIDENCIA EN LA CASA DE SU ACTUAL NOVIO. ESO NUNCA FALLA.','2009-05-27 14:48:12',33,'Story',0),(188,'','QUE BURRO COCHINO LA PROXIMA VEZ VE AL BANO ,Y SI NO TE VIERAS DADO CUENTA I TE VIERAN CLAVADO POR DETRAS','2009-05-27 14:48:47',19,'Story',0),(189,'','ALCOHOL\r\nALCOHOL\r\nALCOHOL\r\n','2009-05-27 14:49:51',40,'Story',0),(190,'','SI YO FUERA TU SI CAMBIARIA EL PISO O EL COMPLEJO DE APARTAMENTOS','2009-05-27 14:51:17',11,'Story',0),(191,'','QUE ESTUPIDO BOBO','2009-05-27 14:54:36',16,'Story',0),(192,'','NO SIGAS CON ESE BABOSO NO VALE LA PENA EL NO TE QUIERE EL SOLO QUIERE PARA CHICHAR Y MAS NADA SE FUERTO VALORATE','2009-05-27 14:57:12',41,'Story',0),(193,'','bueno lo que pasa es k ella piensa k tu le dices k sales y todo eso paea darle pika y ella reacciona asi de irse por k con esa forma te esta diciendo sabes k no me cuentes esas cosaass pero tu estaras pensando k esta celosa!!!.. no nada k ver si ya pasaron varios meses...:)','2009-05-27 14:59:07',82,'Story',0),(194,'','BRAVO AMIGA HASLO QUE SE AGUANTE\r\n','2009-05-27 14:59:25',5,'Story',0),(195,'','QUE PUERCA POR QUE NO LO RECOGISTE','2009-05-27 15:01:26',13,'Story',0),(196,'','bueno solo no creas en esas cosass!!!  y tu tambien como te puedes meter con un hombre casado aunk el te diga k te baja el cielo y las estrellas deberias decirle k deje ah su esposa haber si lo hace px ','2009-05-27 15:03:19',83,'Story',0),(197,'','CHICHATELO QUE ESPERAS BUEY NO DEJES PARA MANANA LO QUE PUEDAS HACER HOY USA PROTECCION JAJAJAJA','2009-05-27 15:04:51',20,'Story',0),(198,'','QUE COCHINITA LA NINA','2009-05-27 15:08:22',26,'Story',0),(199,'','TEN CUIDADO ESO NO ES UN JUEGO PROTEGETE Y DEJALA PAL CARAJO','2009-05-27 15:10:06',32,'Story',0),(200,'','que mula ese serote\r\n','2009-05-27 15:13:17',85,'Story',0),(201,'','QUE ESTUPIDOOOOOOOOOOOOOOOOOOOOOOOOOOOO?','2009-05-27 15:17:12',25,'Story',0),(202,'','solo te digo k lo busques aunk tengas clases solo es un dia k puedes perder una clase pero si no le hablas...lo puedes perder a el y decirle en su cara ps por k se alejo solo por esa frase k le dijistes talves el es muy orgulloso y kiere k le digas pero en su cara no por msj ni por correo solo te digo k le busques y le hables...','2009-05-27 15:44:04',81,'Story',0),(203,'','sabes talves k coon el trancurso del tiempo se enamore de verdd de ti pero pero si han sido amios hce tiempo y no se enamorado de ti es k en verdd te kiere solamente como una amia y si te dijo k no sabe k haria sin ti es k se ah acostumbrado estar contigoo... y eso da piee ah k te engañe por k ah nadie le gusta la rutina pero si sabes k  te kieres soolo como una amia dejalo y si tu lo kieres de verdd lucha por el sabes para k lo conquistes y para k se dea cuenta castigale con el latigo de la indiferencia pero no tanto ','2009-05-27 16:03:03',79,'Story',0),(204,'','haya una frase k siembre dicen que en el amor no hay edad pero para la s mujeres es mas dificil pero buenooo si el en verdd te kiere entederaaa y si no entiende  es k no te kieres solo te digo k le hables y le digas aunk sea dificil ahi vas ah ver su reaccion pero dile en su cara y no por msj por tienes k ver su reacccion ....','2009-05-27 16:10:41',78,'Story',0),(205,'','plop y','2009-05-27 16:27:58',72,'Story',0),(206,'','sabes no hay xico timido solo k es menos vivo k otros... buenoo  la cosa es k si te gusta la xica conquistale poko a poko tampoko en la primera le digas cosas  cursis por k hay ah otras k no les gusta esas cosas pero bueno tu ya te daras cuenta como es la xica y o  talves se alce por lo k le vas ah decir y ni caso te va hacerr mejor seria k hagas esto : te la presentan salen ya tu le sacas informacion etc etc.. y de ahi no la llames se un poko indiferente con ella  osea haste el interesante y k pase un dia o dos ... averigua a k hora sale de sus class o de su tabajo  la cosa es para k le llames ooo por casualidad estas por ahi y k estas en esa horaa donde salee y ya ps le llamas y la recojes y k sea una cosa interdiaria y asii la cosa k se hacen amiosss y va ser mas facil k la conkistes ps pero ella k no se dea cuenta y se asuste de tus intenciones por eso tienes k ir poko ah poko...','2009-05-27 16:40:38',71,'Story',0),(207,'','bueno si ese xico no vale la pena talves te ah atraido de el su fisico o su carisma buenoa a las mujeres siempre le gusta esa clse de xiocos osea los ppendejosss k al final una sufren pero sabiendo k el era asiii sabes k no le deas bola ps se indiferente con el aver cual es su reaccion mejor vuelve con tu ex o sino el mar esta lleno de peces buskate a otro al final el no es el unikoo y no te vas ah morir si no estas con el y di dices k estas enamorado de el talves es solo por k el es asi y si sabes k no vale la pena alejate ps y el tiempo ayuda olvidar a una personaaa\r\n','2009-05-27 16:59:35',69,'Story',0),(208,'','bueno tu sientes insegura por k el es simpaticoo y tienes miedo k cuando sean novios te engañe por k tu sabes ah esa clase de xicos hay varias arrastradas k estan ahi como moscas y sabiendo k estan con alguien se meten y tal ves pasen esaas cosaS al final todos estan cortados con la misma tijera y tu como sabes k el no salamente esta coketeando contigo y si no con varias por k tu sabes k en el gym hay varias xicas... bueno si  tu kieres algo con el sera que  averigues algunas  cosas de el ps ahi ya te daras cuenta si te conviene o no ','2009-05-27 17:10:33',66,'Story',0),(209,'','Gracias por tu consejo, lo aprecio mucho!!!!!','2009-05-27 18:19:48',69,'Story',0),(210,'','Kizaz zolo te enamoraz de las perzonas, no del género. Lo importante es que zeas felis, no la eqiqueta que le pongas.','2009-05-27 20:19:03',76,'Story',2);
/*!40000 ALTER TABLE `comments` ENABLE KEYS */;
UNLOCK TABLES;

--
-- Table structure for table `newsletter_registrations`
--

DROP TABLE IF EXISTS `newsletter_registrations`;
SET @saved_cs_client     = @@character_set_client;
SET character_set_client = utf8;
CREATE TABLE `newsletter_registrations` (
  `id` int(11) NOT NULL auto_increment,
  `name` varchar(255) default NULL,
  `email` varchar(255) default NULL,
  `created_at` datetime default NULL,
  `updated_at` datetime default NULL,
  PRIMARY KEY  (`id`)
) ENGINE=InnoDB AUTO_INCREMENT=53 DEFAULT CHARSET=utf8;
SET character_set_client = @saved_cs_client;

--
-- Dumping data for table `newsletter_registrations`
--

LOCK TABLES `newsletter_registrations` WRITE;
/*!40000 ALTER TABLE `newsletter_registrations` DISABLE KEYS */;
INSERT INTO `newsletter_registrations` VALUES (1,NULL,'\'oi\'99¡0\'i\'¡','2009-05-12 02:52:56','2009-05-12 02:52:56'),(2,NULL,'elmenor_74@hotmail.com','2009-05-12 14:52:59','2009-05-12 14:52:59'),(3,NULL,'fabian@4gringos.com','2009-05-12 17:26:53','2009-05-12 17:26:53'),(4,NULL,'lasencilla082008@hotmail.co.','2009-05-13 15:48:44','2009-05-13 15:48:44'),(5,NULL,'raul_f18@hotmail.com','2009-05-15 15:39:38','2009-05-15 15:39:38'),(6,NULL,'chechi2073@hotmail.com','2009-05-16 07:43:13','2009-05-16 07:43:13'),(7,NULL,'ey_god@hotmail.com','2009-05-17 00:35:51','2009-05-17 00:35:51'),(8,NULL,'WWW.C3RT@HOTMAIL.COM','2009-05-17 15:12:20','2009-05-17 15:12:20'),(9,NULL,'','2009-05-19 02:53:00','2009-05-19 02:53:00'),(10,NULL,'paloma451@hotmail.com','2009-05-19 03:02:49','2009-05-19 03:02:49'),(11,NULL,'paloma451@live.com','2009-05-19 03:04:01','2009-05-19 03:04:01'),(12,NULL,'paloma451@live.com','2009-05-19 03:08:14','2009-05-19 03:08:14'),(13,NULL,'fm.08525@hotmail.com','2009-05-19 03:33:04','2009-05-19 03:33:04'),(14,NULL,'katherine_1991_4@hotmail.com','2009-05-19 17:23:59','2009-05-19 17:23:59'),(15,NULL,'DIEGO_15678@hotmaail.com','2009-05-19 20:24:35','2009-05-19 20:24:35'),(16,NULL,'fiuti_gm@hotmail.com','2009-05-20 11:48:25','2009-05-20 11:48:25'),(17,NULL,'','2009-05-20 12:17:57','2009-05-20 12:17:57'),(18,NULL,'saw_.5693_@hotmail.com','2009-05-20 12:18:30','2009-05-20 12:18:30'),(19,NULL,'fannymikey@hotmail.es','2009-05-20 13:50:47','2009-05-20 13:50:47'),(20,NULL,'zuleidy1993@hotmail.com','2009-05-20 22:59:35','2009-05-20 22:59:35'),(21,NULL,'','2009-05-21 00:51:57','2009-05-21 00:51:57'),(22,NULL,'fannymikey@hotmail.es','2009-05-21 13:23:50','2009-05-21 13:23:50'),(23,NULL,'','2009-05-22 05:16:20','2009-05-22 05:16:20'),(24,NULL,'ivanl1992@hotmail.com','2009-05-22 21:45:16','2009-05-22 21:45:16'),(25,NULL,'el_wasonjoker@hotmail.com','2009-05-23 01:10:32','2009-05-23 01:10:32'),(26,NULL,'','2009-05-23 03:33:18','2009-05-23 03:33:18'),(27,NULL,'','2009-05-23 16:25:50','2009-05-23 16:25:50'),(28,NULL,'julianricardooviedomartinez@hotmail.com','2009-05-23 16:27:15','2009-05-23 16:27:15'),(29,NULL,'julianricardooviedomartinez@hotmail.com','2009-05-23 16:27:42','2009-05-23 16:27:42'),(30,NULL,'','2009-05-23 16:28:25','2009-05-23 16:28:25'),(31,NULL,'juniorcabrera2009@hotmail.com','2009-05-23 17:01:12','2009-05-23 17:01:12'),(32,NULL,'jersy_999@hotmail.com','2009-05-23 20:35:22','2009-05-23 20:35:22'),(33,NULL,'marcantony1294@hotmail.com','2009-05-24 17:23:59','2009-05-24 17:23:59'),(34,NULL,'vicius_francos@hotmail.com','2009-05-25 10:13:26','2009-05-25 10:13:26'),(35,NULL,'juanpab135@gmail.com','2009-05-25 17:18:53','2009-05-25 17:18:53'),(36,NULL,'shevho@hotmail.com','2009-05-25 22:37:06','2009-05-25 22:37:06'),(37,NULL,'rakelduendeciya@hotmail.es','2009-05-25 23:07:15','2009-05-25 23:07:15'),(38,NULL,'','2009-05-25 23:16:46','2009-05-25 23:16:46'),(39,NULL,'rataab@hotmail.com','2009-05-26 02:27:39','2009-05-26 02:27:39'),(40,NULL,'rataab♠4hotmail.com','2009-05-26 02:28:01','2009-05-26 02:28:01'),(41,NULL,'','2009-05-26 06:39:56','2009-05-26 06:39:56'),(42,NULL,'rakelduendeciya@hotmail.es','2009-05-26 15:32:57','2009-05-26 15:32:57'),(43,NULL,'fe.tu@hotmail.com','2009-05-26 21:57:58','2009-05-26 21:57:58'),(44,NULL,'www.bonita@mariposa.com','2009-05-26 22:09:59','2009-05-26 22:09:59'),(45,NULL,'','2009-05-26 22:10:20','2009-05-26 22:10:20'),(46,NULL,'','2009-05-26 22:12:16','2009-05-26 22:12:16'),(47,NULL,'www.bonita@mariposa.com','2009-05-26 22:15:49','2009-05-26 22:15:49'),(48,NULL,'dianitaosi1107@hotmail.com','2009-05-26 23:00:10','2009-05-26 23:00:10'),(49,NULL,'frh_135@hotmail.com','2009-05-26 23:44:32','2009-05-26 23:44:32'),(50,NULL,'como le ago para hablarle a una mujer','2009-05-27 00:28:00','2009-05-27 00:28:00'),(51,NULL,'','2009-05-27 16:03:17','2009-05-27 16:03:17'),(52,NULL,'karina_16_8@hotmail.com','2009-05-27 16:03:32','2009-05-27 16:03:32');
/*!40000 ALTER TABLE `newsletter_registrations` ENABLE KEYS */;
UNLOCK TABLES;

--
-- Table structure for table `schema_migrations`
--

DROP TABLE IF EXISTS `schema_migrations`;
SET @saved_cs_client     = @@character_set_client;
SET character_set_client = utf8;
CREATE TABLE `schema_migrations` (
  `version` varchar(255) NOT NULL
) ENGINE=InnoDB DEFAULT CHARSET=utf8;
SET character_set_client = @saved_cs_client;

--
-- Dumping data for table `schema_migrations`
--

LOCK TABLES `schema_migrations` WRITE;
/*!40000 ALTER TABLE `schema_migrations` DISABLE KEYS */;
INSERT INTO `schema_migrations` VALUES ('20090504140035'),('20090504153451'),('20090504153818'),('20090504154109'),('20090504154415'),('20090511185000'),('20090512135412'),('20090512135643'),('20090519155542');
/*!40000 ALTER TABLE `schema_migrations` ENABLE KEYS */;
UNLOCK TABLES;

--
-- Table structure for table `slugs`
--

DROP TABLE IF EXISTS `slugs`;
SET @saved_cs_client     = @@character_set_client;
SET character_set_client = utf8;
CREATE TABLE `slugs` (
  `id` int(11) NOT NULL auto_increment,
  `name` varchar(255) default NULL,
  `sluggable_id` int(11) default NULL,
  `sequence` int(11) NOT NULL default '1',
  `sluggable_type` varchar(40) default NULL,
  `scope` varchar(40) default NULL,
  `created_at` datetime default NULL,
  PRIMARY KEY  (`id`),
  UNIQUE KEY `index_slugs_on_name_and_sluggable_type_and_scope_and_sequence` (`name`,`sluggable_type`,`scope`,`sequence`),
  KEY `index_slugs_on_sluggable_id` (`sluggable_id`)
) ENGINE=InnoDB AUTO_INCREMENT=88 DEFAULT CHARSET=utf8;
SET character_set_client = @saved_cs_client;

--
-- Dumping data for table `slugs`
--

LOCK TABLES `slugs` WRITE;
/*!40000 ALTER TABLE `slugs` DISABLE KEYS */;
INSERT INTO `slugs` VALUES (1,'hace-como-un-mes-me-cogi-una-papa-bien-gorda-y-estaban-mis-padres',1,1,'Story',NULL,'2009-05-12 16:02:11'),(2,'trabajo-en-una-tienda-de-ropa-que-no-tiene-aseo-el-viernes-pasado',2,1,'Story',NULL,'2009-05-12 16:02:11'),(3,'trabajo-en-un-edificio-grande-y-estaba-la-gente-de-mantenimiento',3,1,'Story',NULL,'2009-05-12 16:02:11'),(4,'vivo-en-un-lugar-indefinido-de-francia-aunque-a-veces-vuelvo',4,1,'Story',NULL,'2009-05-12 16:02:11'),(5,'hola-me-llamo-lary-y-vivo-en-un-p-n-h3-pueblito-bien-super-aburrido',5,1,'Story',NULL,'2009-05-12 16:02:11'),(6,'hola-me-llamo-isa-y-estoy-enamorada-de-un-chavo-pero-no-se-si',6,1,'Story',NULL,'2009-05-12 16:02:12'),(7,'hola-necesito-consejos-estoy-enamorado-de-una-chica-que-tiene',7,1,'Story',NULL,'2009-05-12 16:02:12'),(8,'olas-a-todos-mi-problema-es-ke-me-enamoro-muy-rapido-osea',8,1,'Story',NULL,'2009-05-12 16:02:12'),(9,'anonimo-ho-lllllllaaaaaaaa-bueno-estoy-enamorada-de-super',9,1,'Story',NULL,'2009-05-12 16:02:12'),(10,'realmente-kreo-ke-aora-nunka-encontrare-a-la-mujer-ideal-para',10,1,'Story',NULL,'2009-05-12 16:02:12'),(11,'estudio-en-una-ciudad-diferente-a-la-mia-y-vivo-en-un-piso-de',11,1,'Story',NULL,'2009-05-12 16:02:12'),(12,'hace-ya-unos-anos-de-esto-la-cuestion-es-que-fui-de-camping',12,1,'Story',NULL,'2009-05-12 16:02:12'),(13,'una-vez-me-cogi-una-papa-mu-gorda-asi-podrian-empezar-muhas',13,1,'Story',NULL,'2009-05-12 16:02:12'),(14,'me-he-convencido-de-que-el-amor-no-es-para-mi-en-estos-momentos',14,1,'Story',NULL,'2009-05-12 16:02:12'),(15,'hola-estoy-un-poco-triste-porq-amo-a-un-hombre-que-es-mi-mejor',15,1,'Story',NULL,'2009-05-12 16:02:12'),(16,'al-llegar-a-mi-pueblo-para-las-vacaciones-de-navidad-la-borrachera',16,1,'Story',NULL,'2009-05-12 16:02:12'),(17,'bueno-pues-conoci-a-u-muchacho-por-internet-el-me-dijo-que-conectara',17,1,'Story',NULL,'2009-05-12 16:02:12'),(18,'hace-unos-meses-termine-con-mi-novia-llevabamos-una-relacion',18,1,'Story',NULL,'2009-05-12 16:02:12'),(19,'una-vez-en-las-vacaciones-en-asia-me-cogi-una-papa-muy-grande',19,1,'Story',NULL,'2009-05-12 16:02:12'),(20,'tengo-mi-novio-pero-no-satisface-mucho-ahora-tengo-un-amigo-doctor',20,1,'Story',NULL,'2009-05-12 16:02:12'),(21,'mmmm-bueno-una-mas-d-desamor-stuve-con-un-xico-q-durante-muchos',21,1,'Story',NULL,'2009-05-12 16:02:12'),(22,'os-lo-voy-a-contar-en-verso-desde-que-tomo-all-bran-los',22,1,'Story',NULL,'2009-05-12 16:02:12'),(23,'hace-ya-tiempo-de-esto-pero-la-cuetsion-es-que-llamaron-a-la',23,1,'Story',NULL,'2009-05-12 16:02:12'),(24,'una-noche-cualquiera-de-aquellas-de-la-juventud-de-lo-botellones',24,1,'Story',NULL,'2009-05-12 16:02:12'),(25,'bueno-lo-que-paso-a-mi-fue-que-me-mordio-un-perro-me-pico-un',25,1,'Story',NULL,'2009-05-12 18:09:16'),(26,'bueno-pues-como-he-visto-el-apartado-ninos-vacio-me-he-acordado',26,1,'Story',NULL,'2009-05-12 21:13:51'),(27,'yo-conoci-una-mujer-qdesde-q-la-conoci-me-gusto-entonces-empese',27,1,'Story',NULL,'2009-05-13 01:40:48'),(28,'ola-ya-no-creo-en-el-amor-solo-he-tenido-malas-experiencias-en',28,1,'Story',NULL,'2009-05-14 20:01:17'),(29,'pues-a-mi-me-paso-una-pero-una-estupides-que-hize-yo-mismo-esque',29,1,'Story',NULL,'2009-05-15 07:45:18'),(30,'estube-con-un-chico-pase-los-mejores-momentos-qon-el',30,1,'Story',NULL,'2009-05-16 03:08:43'),(31,'estoy-muy-enojada-ya-que-mi-ex-novio-y-su-hermano-me-estan-haciendo',31,1,'Story',NULL,'2009-05-16 07:49:07'),(32,'a-mi-novia-le-gusta-que-le-follen-por-el-culo-y-eso-me-encanta',32,1,'Story',NULL,'2009-05-16 12:36:04'),(33,'mi-novia-me-cambio-por-su-trabajo-y-me-dejo-por-otro-yo-se',33,1,'Story',NULL,'2009-05-16 14:30:04'),(34,'ptmre-estoy-reclavadaso-me-cago-por-mi-prima-mare-pero-ella',34,1,'Story',NULL,'2009-05-17 00:38:57'),(35,'me-cargan-los-rodeos-y-lo-cursi-mi-historia-se-trata-de-mi-ex',35,1,'Story',NULL,'2009-05-17 05:08:45'),(36,'me-estaba-copiando-en-una-examen-con-la-profesora-mas-idiota',36,1,'Story',NULL,'2009-05-17 06:27:13'),(37,'no-se-quien-fue-pero-alguien-puso-mi-e-mail-en-una-especie-de',37,1,'Story',NULL,'2009-05-17 06:29:36'),(38,'a-un-amigo-mio-le-hicieron-una-broma-agarraron-una-botella-y',38,1,'Story',NULL,'2009-05-17 06:31:59'),(39,'un-dia-me-quise-levantar-temprano-pero-sin-despertar-a-nadie',39,1,'Story',NULL,'2009-05-17 06:35:11'),(40,'hola-soy-paloma-hace-una-ano-me-enamore-como-tonta-de-mi-mejor',40,1,'Story',NULL,'2009-05-19 03:24:00'),(41,'hola-soy-una-persona-q-quiere-contar-lo-qle-paso-o-peor-aun-lo',41,1,'Story',NULL,'2009-05-19 13:44:02'),(42,'pues-a-mi-me-dejo-mi-ex-delante-de-toooooooooooodas-mis-amigas',42,1,'Story',NULL,'2009-05-19 22:22:57'),(43,'pues-estaba-yo-en-la-hora-del-descanso-del-curro-con-una-companera',43,1,'Story',NULL,'2009-05-20 10:07:10'),(45,'mi-rten-mi-historia-es-que-la-perdi-por-hijo-de-p0uta-que-le',45,1,'Story',NULL,'2009-05-20 12:17:22'),(46,'que-puta-mierda-la-chica-se-mis-suenos-que-la-llevo-tratando',46,1,'Story',NULL,'2009-05-20 14:27:00'),(47,'hay-una-chica-k-siempre-me-ah-gustao-desde-el-primer-siglo-aunke',47,1,'Story',NULL,'2009-05-20 17:28:16'),(48,'se-llama-estefani-estudia-en-el-colegio-jose-celestino-mutis',48,1,'Story',NULL,'2009-05-20 18:47:38'),(49,'hola-bueno-mi-ex-novia-si-me-amaba-pero-me-dejo-de-querer-porque',49,1,'Story',NULL,'2009-05-20 20:44:59'),(50,'hola-bueno-mi-ex-novia-si-me-amaba-pero-me-dejo-de-querer-porque',50,2,'Story',NULL,'2009-05-20 20:45:01'),(51,'hola-bueno-mi-ex-novia-si-me-amaba-pero-me-dejo-de-querer-porque',51,3,'Story',NULL,'2009-05-20 20:45:02'),(52,'hola-bueno-mi-ex-novia-si-me-amaba-pero-me-dejo-de-querer-porque',52,4,'Story',NULL,'2009-05-20 20:45:02'),(53,'hola-tengo-una-sobrina-que-desde-hace-meses-esta-sola-porque',53,1,'Story',NULL,'2009-05-20 22:59:12'),(54,'estoy-en-el-chance-y-ahi-hay-una-chava-que-esta-bien-rica-el',54,1,'Story',NULL,'2009-05-20 23:13:11'),(55,'bueno-anduve-co-un-chavo-que-se-llama-aldo-pero-lo-dejde-por',55,1,'Story',NULL,'2009-05-21 16:24:45'),(56,'hola-bueno-estoy-super-enamorada-del-veterinario-de-mi-perrita',56,1,'Story',NULL,'2009-05-21 19:30:53'),(57,'bueno-pues-hace-6-meses-conoci-a-un-chavo-en-mi-prepa-el-esta',57,1,'Story',NULL,'2009-05-21 20:40:50'),(58,'todos-los-que-creia-amigos-me-decepcionaron-todos-me-fallaron',58,1,'Story',NULL,'2009-05-22 00:40:45'),(59,'amo-a-mi-ex-novio-pero-por-un-mal-entendido-cortamos-al-siguiente',59,1,'Story',NULL,'2009-05-22 05:20:26'),(60,'soy-un-chico-guapo-que-se-metio-con-su-mejor-amigo-en-el-aspecto',60,1,'Story',NULL,'2009-05-22 05:46:47'),(61,'hace-tiempo-le-gustaba-a-una-chica-muuy-amiga-mia-pero-yo',61,1,'Story',NULL,'2009-05-22 06:42:09'),(62,'hola-soy-argentina-el-viernes-mi-amiga-me-grito-un-par-de-cosas',62,1,'Story',NULL,'2009-05-22 20:33:37'),(63,'hi-soy-una-mujer-que-desde-hace-5-anos-no-tengo-sexo-y-tengo',63,1,'Story',NULL,'2009-05-22 20:41:51'),(64,'hola-me-siento-mal-saben-desde-hace-1-ano-que-nadie-quiere-nada',64,1,'Story',NULL,'2009-05-22 21:02:23'),(65,'hola-tenia-una-novia-y-me-dejo-porque-ya-lo-ma-sduro-fue-que',65,1,'Story',NULL,'2009-05-22 21:42:32'),(66,'hola-tengo-28-anos-soy-separada-estoy-en-el-gim-y-el-dueno',66,1,'Story',NULL,'2009-05-22 23:29:13'),(67,'el-nino-que-me-encanta-y-yo-nos-besamos-en-la-fiesta-de-nuestros',67,1,'Story',NULL,'2009-05-23 04:58:18'),(68,'bueno-ami-me-gusta-un-chico-que-es-hermoso-y-el-sempre-en-la',68,1,'Story',NULL,'2009-05-23 05:18:28'),(69,'hola-quiero-contarles-lo-que-esta-pasando-en-mi-vida-hace-1',69,1,'Story',NULL,'2009-05-23 05:32:23'),(70,'siempre-aquella-persona-que-tu-encuentras-tan-especial-que-no',70,1,'Story',NULL,'2009-05-23 11:47:08'),(71,'me-van-a-presentar-una-chica-pero-no-se-si-le-gustare-y-no-se',71,1,'Story',NULL,'2009-05-23 17:06:29'),(72,'carajo-fui-a-trabajar-al-campo-me-toco-trabajar-con-dos-cojudos',72,1,'Story',NULL,'2009-05-23 19:52:09'),(73,'bueno-pues-un-dia-mi-novio-fue-a-una-quinceanera-entonces-yo',73,1,'Story',NULL,'2009-05-25 00:19:33'),(74,'acabo-de-tener-sexo-con-mi-ex-me-gustaria-que-opinen-si-esto',74,1,'Story',NULL,'2009-05-25 06:56:37'),(75,'menuda-mierda-resulta-que-este-ano-queria-ir-a-la-campus-party',75,1,'Story',NULL,'2009-05-25 10:45:40'),(76,'bno-sto-sta-asi-no-se-si-realmente-soi-lesviana-o-bisexual-ia',76,1,'Story',NULL,'2009-05-25 20:30:19'),(77,'estoy-enamorada-de-mi-ex-y-tenemos-un-hijo-pero-el-ya-no-me-quiere',77,1,'Story',NULL,'2009-05-25 22:58:20'),(78,'hola-soy-una-chica-de-29-anos-y-el-sabado-conoci-por-primera',78,1,'Story',NULL,'2009-05-25 23:12:59'),(79,'pues-mi-historia-esque-me-acoste-con-mi-amigo-de-varios-meses',79,1,'Story',NULL,'2009-05-26 04:31:52'),(80,'hablanndo-de-despiches-falta-un-desmadre-para-que-se-arme-otro',80,1,'Story',NULL,'2009-05-26 06:50:03'),(81,'conoci-a-una-persona-maravillosa-nos-empesamos-a-conocer-y-sin',81,1,'Story',NULL,'2009-05-26 15:29:58'),(82,'deje-a-mi-ex-hace-ya-unos-seis-meses-y-pasa-de-mi-pero-en-cuanto',82,1,'Story',NULL,'2009-05-26 15:37:58'),(83,'hola-soy-diana-estoy-muy-triste-la-mujer-del-hombre-q-amo-me',83,1,'Story',NULL,'2009-05-26 23:01:51'),(84,'cuando-conocia-esa-chava-ella-fue-la-k-comenzo-toda-nuestra-relacion',84,1,'Story',NULL,'2009-05-26 23:20:37'),(85,'bueno-mi-historia-empieza-en-una-discoteca-con-unos-amigos-nos',85,1,'Story',NULL,'2009-05-26 23:59:49'),(86,'mi-historia-es-esta-bueno-io-me-acostumbrado-estar-sola',86,1,'Story',NULL,'2009-05-27 16:25:10'),(87,'hola-estoy-hasta-los-mismisimos-de-mi-psikitra-no-me-hace-ni',87,1,'Story',NULL,'2009-05-27 18:23:14');
/*!40000 ALTER TABLE `slugs` ENABLE KEYS */;
UNLOCK TABLES;

--
-- Table structure for table `stories`
--

DROP TABLE IF EXISTS `stories`;
SET @saved_cs_client     = @@character_set_client;
SET character_set_client = utf8;
CREATE TABLE `stories` (
  `id` int(11) NOT NULL auto_increment,
  `body` text,
  `email` varchar(255) default NULL,
  `rated_top` int(11) default '0',
  `rated_flop` int(11) default '0',
  `anonymous` tinyint(1) default '1',
  `on_startpage` tinyint(1) default '0',
  `category_id` int(11) default NULL,
  `user_id` int(11) default NULL,
  `created_at` datetime default NULL,
  `updated_at` datetime default NULL,
  `seo_title` varchar(255) default NULL,
  PRIMARY KEY  (`id`)
) ENGINE=InnoDB AUTO_INCREMENT=88 DEFAULT CHARSET=utf8;
SET character_set_client = @saved_cs_client;

--
-- Dumping data for table `stories`
--

LOCK TABLES `stories` WRITE;
/*!40000 ALTER TABLE `stories` DISABLE KEYS */;
INSERT INTO `stories` VALUES (1,'Hace como un mes me cogí una papa bien gorda y estaban mis padres en casa así que, para no tener que ir al baño, me puse una bolsa al lado de la cama:S A la mañana siguiente tiré la bolsa por la ventana para que mi hermana la recogiera al salir y la echase en un contenedor. Pero con la mala suerte de que la bolsa de la pota se enganchó en la Bouganvilla de fuera. Horror!! ¡9 de la mañana y las 2 con un palo intentando desengancharla! (Y con resaca!) :D',NULL,8,7,0,0,7,2,'2009-05-05 21:43:19','2009-05-25 23:16:32','Hace como un mes me cogí una papa bien gorda y estaban mis padres '),(2,'Trabajo en una tienda de ropa que no tiene aseo. El viernes pasado tuve un retortijón terrible pero, como mi compañero no estaba y había clientes dentro, no podía salir para ir al bar a soltar el lastre… Así que dejé a los que estaban allí a sus anchas y me metí en el almacén a “solucionar el problema”… en una caja de cartón. Hubo tanto lío después que cerré sin acordarme de sacar la prueba del delito. Caí en la cuenta una vez en casa pero cuando llegué el Lunes… ya era tarde. ¡La limpiadora lo había encontrado antes que yo! ',NULL,18,4,1,0,1,2,'2009-05-05 21:44:00','2009-05-26 07:57:16','Trabajo en una tienda de ropa que no tiene aseo. El viernes pasado '),(3,'Trabajo en un edificio grande, y estaba la gente de mantenimiento arreglando el ascensor, y se dejaron el carro de las herramientas fuera, se les cerró la puerta y como no me vieron me lleve el carro con las herramientas a la otra punta del edificio, y las envie al sótano por otro ascensor.\r\nY al rato veo a todos los de mantenimiento buscando en oficinas, baños, pasillos a ver donde estaba el carro, les tomo un par de horitas encontrarlo','',0,6,1,0,1,NULL,'2009-05-06 10:56:54','2009-05-27 00:21:42','Trabajo en un edificio grande, y estaba la gente de mantenimiento '),(4,'Vivo en un lugar indefinido de Francia, aunque a veces vuelvo al calor de mi Suiza NO natal para algunas curas de tipo médico. La última vez que fui, no hace mucho,la semana pasada diría yo, llegué en coche junto con un hombrecillo de la montaña a un pueblo perdido para buscar una iglesia (sí). En vez de eso encontramos un colegio americano que resultó ser aquel en el que se encontraron los Strokes, esos pijos poperos que tanto me gustan. En fin, que mientras nos contaban esa historia decidimos irnos a Berlin, porque sí, porque tengo a un par de conocidas por alli, pero al llegar a casa los vuelos estaban fuera de nuestro ya pasado de rosca presupuesto. Llamé a mis contactos un par de veces, pero nada, así que ni la ilusión les pude contagiar. Al final acabé en Zurich en una POLIPARTY en la universidad con conciertos, alcohol y mucha diversión. Conocí a unos Suizos muy poco suizos y bailé hasta que el alcohol ingerido decidió salir, después me perdí y perdí el teléfono, el que horas antes no tocó tierra en Berlin, y conocí a una rubia alemana llamada Carmen que me acompañó en mi odisea de saltar escenarios para decir el nombre de mi suizo de las montañas. Acabé mal hablando las lenguas que sé con todo el personal de seguridad del sitio, que no era poco, y por último me monté en un taxi dirección a la estación \"To the railway station, no tengo dinero\" dije. Cuando puse mis temblorosos pies sobre el suelo de la estación me encontré al desaparecido haciendo amigos con cerveza. He vomitado, dije. Él sólo me besó.( La verdad es que me lo pasé muy bien y sólo por lo anecdótico creo que merece la pena, lo escribo aqui no porque crea en su caracter catastrófico es porque a veces le vendo votos a una amiga, una que tengo en Berlin, pero nunca responde al teléfono. Yo tampoco.)','',3,5,1,0,6,NULL,'2009-05-06 20:39:14','2009-05-27 14:12:16','Vivo en un lugar indefinido de Francia, aunque a veces vuelvo '),(5,'Hola me llamo Lary y vivo en un p!n(H3 pueblito bien super aburrido. Estoy super enojada con mi exnovio x k m termino x una estupida razon!!! El dice k soy una super mentirosa y k le jure enbano y k el yano puede confiar en mi. Y k sugun el no puede seguir haci! Pero el noes ningun santico x k el tambien meha mentido mucho y yo no m kejo x k lo kiero un chorro!!!! Pero ahora el dice k esta super arrenpentido y k m extra~a un buen. Pero yo ya no kiero regresar con el x k yo no soy  segundo plato de nadie. Y ahora k su aguante y k se muera de celos!!!!!!! Eso le pasa x super orgulloso!',NULL,6,2,1,0,5,3,'2009-05-07 20:25:18','2009-05-26 21:06:22','Hola me llamo Lary y vivo en un p!n(H3 pueblito bien super aburrido. '),(6,'hola me llamo isa y estoy enamorada de un chavo pero no se si tiene novia pero aunque la tenga lo voy a seguir queriendo porquelo amo  en verdad  el se llama luis  y es una belleza yen verdad lo amo y me gustaria ser su novia en verdad el juega futbol y dica antes mi prima de que yo me fuera a vivir  que el se hiva a jugar alla con los amigos  , ahora va a jugar enfrente de mi casa , y estoy casi segura de que esta enamorado de mi y me gustaria que el me dijiera que fuera su novia lo amo loamo loamooooooooooooooooooooooooooooooo con todo mi corazon y toda mi alma , haria lo que fuera para que me dijiera que esta enamorado de mi lo que fuera lo amo,amo ,amo ,amo y amo enverdad lo amo','',0,1,1,0,5,NULL,'2009-05-08 03:29:55','2009-05-26 02:13:07','hola me llamo isa y estoy enamorada de un chavo pero no se si '),(7,'hola... necesito consejos. estoy enamorado de una chica que tiene novio ...que me aconsejan ustedes?','',4,1,1,0,5,NULL,'2009-05-08 21:36:09','2009-05-27 08:38:48','hola... necesito consejos. estoy enamorado de una chica que tiene '),(8,'olas a todos...mi problema es ke me enamoro muy rapido..osea ke kuando conosco a alguna chika..siento cosas demasiado intensas demasiado rapido y eso me trae desilusiones y tristesas en mi vida..ya no se ke aser...ademas siempre me tokan mujeres ke solo keren algo corto...y yo estoy en busca del verdadero amor......y en esos momentos estoy pasando por eso...me siento muy mal.....aaaaaaaaaaaaaaahhhhhhhhhhhhhhhhhhhhhhhhhhhhhhhhhhhhhhhhaaaaaaahhhhhhhhhhhhhhhhhhhhhhhhhhhhhhhhhhh\r\nme siento muy mal..muy triste ..kero puro virarme de todo esto\r\n',NULL,10,0,1,0,5,4,'2009-05-08 21:52:55','2009-05-27 08:44:45','olas a todos...mi problema es ke me enamoro muy rapido..osea '),(9,'{anonimo) ho,lllllllaaaaaaaa[ bueno estoy enamorada de super bonbon  que es muy guapo solo , con dacirte q3 se parece a nick de los jonas brothers { que , looooooocuuuuuuraaaaaaaaaaaaaaaaa , cuando lo vi me enamore de el , pero no se que hacer porq la pienso si tiene novia y eso me entristece ...............auxilio.....................no se que hacer.............',NULL,2,0,1,0,5,5,'2009-05-08 22:36:18','2009-05-26 17:42:24','{anonimo) ho,lllllllaaaaaaaa[ bueno estoy enamorada de super '),(10,'realmente kreo ke aora nunka encontrare a la mujer ideal para mi.......yo suelo kerer muxo a las personas...lo malo es ke solo vasta con estar poko tiempo kon ella para empezar a sentir algo...soy muy debil de sentimientos....alomejor nesecito el cariño de alguien...el amor de verdad.no el de un rato.\r\ny en estos momentos estopy sufriendo muxo...pliss ayudenme...ahh.\r\ny soy de chile...por si es ke alguien mas lo es...\r\n',NULL,2,0,1,0,5,4,'2009-05-08 23:22:18','2009-05-26 17:42:21','realmente kreo ke aora nunka encontrare a la mujer ideal para '),(11,'Estudio en una ciudad diferente a la mia y vivo en un piso de estudiantes, y mi novio es de otra ciudad diferente, así que un verano al principio de estar juntos teniamos muchas ganas de vernos y no era plan ni de irme a su casa con sus padres ni a la mia claroo, así que decidimos vernos en la ciudad en la estudiamos, en verano no teniamos al quilado el piso pero íbamos a volver en septiembre y yo tenía las llaves, así que decidimos irnos a mi piso dos diitas, hacía tanto calor que tuvimos que trasladar el colchon al salon porque era la única habitación de la casa con aire acondicionado, así que después de toda la pasión y todo el calor que hacia nos quedamos dormidos en bolas ya la mañana siguienteee wualaaa nos desperto el caserooo que había venido a arreglarr unaaaa lámparaaaaaaa!!! Que vergüenzaa x dioosss!!!!! debería haber cambiado de pisoo después de esto ahora que lo piensoo jajaajajaja','',12,0,1,0,6,NULL,'2009-05-09 17:26:51','2009-05-27 14:13:52','Estudio en una ciudad diferente a la mia y vivo en un piso de '),(12,'Hace ya unos años de esto la cuestión es que fui de camping con unos amigos y estábamos un poco alejados del pueblo o teníamos coche ni mucho dinero así que una noche 3 de los que estábamos decidimos salir de juerga, así que pregúntamos el camino para ir al pueblo y había dos posibilidades o bien por la carretera que se tardaba una hora andando o por la playa andndo que eran 40 minutoss y claro ahorrarsee 20 minutoss andandoo.. así que nos fuimos por la playa llegamos bien sin percances pasamos una gran noche de vicio y perversión jejeje y llegó la hora de volver serían las 6 de la mañana de noche, y ya íbamos demasiado bien, así que empezamos a andar por la playa y cuando llevábamos 25 minutos andandooo nos dimos cuenta de que había subido la mareaa y el agua nos había cortado el pasoo así que o bien dábamos la vuelta o dormíamos allí, cosa que no nos apetecían nadaa asi que ni cortos ni perezososs volvimos nadando a camping jejejeee uventudd divino tesorooo','',3,1,1,0,7,NULL,'2009-05-09 17:36:27','2009-05-12 20:48:00','Hace ya unos años de esto la cuestión es que fui de camping '),(13,'una vez me cogi una papa mu gorda (así podrían empezar muhas historias) y llegué a mi casa me acosté y empezó todo a darme vueltas así que intenté el truco de poner un pie el suelo para q dejara de dar vueltas, pues bien, no funcionó y se m vino todo lo que había venido para arriba vomité al lado de la cama y me decía a mi misma: \"ahora me levanto y lo recojo, ahora me levanto, ahora, ahora\" pero imposible me quedé frita, la cuestión es que la puerta de mi cuarto está a los pies de mi cama, era sábado y mi madre los domingos entra en mi cuarto por la mañana me levanta el edredon y me mete el teléfono inalámbrico en la cama porque si no ya puede llama el santo padre que no me entero, y ese domingo mi madre iaba a ser lo mismo y como habia vomitado al otro lado de la cama mi madre no tenía porque verlo pero craso error, porque ese dia descubrí que mi casa está en cuesta y rodó todo hasta la puertaa cuando entro mi madre me dijo: \"niñaaaaaa que has vomitadooo?? no veaaass ayerrr no?\" a lo que yo respondí: \" no mamá me he meadoo\" ','',6,0,1,0,7,NULL,'2009-05-09 17:47:20','2009-05-12 16:02:12','una vez me cogi una papa mu gorda (así podrían empezar muhas '),(14,'me he convencido de que el amor no es para mi...en estos momentos sufro muxo..pero muxo..\r\nla mujer a la que le entrgue lo mas hermoso que le puedo dar...parece que solo queria algo de un rato..pero yo buscaba el verdadero amor y pense que lo habia encontrado.\r\nahora yo la llamo ,,pero ella me ignora..\r\nme duele muxo el corazon..me siento mal..triste...\r\nahhhhhhhhhhhhhhhhhhhhhhhh......\r\nno se que aser-...','',6,0,1,0,5,NULL,'2009-05-10 03:04:51','2009-05-24 22:46:10','me he convencido de que el amor no es para mi...en estos momentos '),(15,'hola estoy un poco triste porq amo a un hombre que es mi mejor amigo y el anteroirmente estba mui enamorado de mi pero ahora me ignora porque lo rechaze entonces antes de perderlo le pedi que sea mi novio y me dijo que no porq el qria empezar una vida sin mi y ahora me encontre en la misma situacion con otrio amigo y me puse de novia esta vez nose que hacer porque no qiero perder a nadie mas pero si se entera el hombre del q estoy enamorada que estoy de novia el ahi si que no me habla jamas que hago?','flor_sweetchild_24@hotmail.com',0,6,1,0,7,NULL,'2009-05-10 03:50:14','2009-05-12 16:02:12','hola estoy un poco triste porq amo a un hombre que es mi mejor '),(16,'Al llegar a mi pueblo para las vacaciones de Navidad, la borrachera fue tal que tras varios muchos chupitos, mucho mucho ron, y las copas que pillara, tras salir de la disco vi a una antigua amiga sobre la que me abalancé corriendo desde 20m, con tal mala fortuna que arrastré la cara por el suelo. Convencido de que no era nada mandé a los amigos hacia otro pub y yo a curarme las heridas a casa para luego volver... \r\nCual fue mi sorpresa al mirarme al espejo con toda la cara reventada, que decidí comer algo, esconder el móvil en un armario de la cocina (no atinaba a ponerlo en silencio), y echarme TROMBOCID en las heridas...\r\nResultado: al día siguiente me levanté debido al hedor de la pota al lado de la cama mezclado con el escozor/olor del trombocid (en cuya caja ponía en negrita NO ECHAR EN HERIDAS ABIERTAS), pensando que había perdido el móvil y mis padres gritando que siempre soy el mismo desgraciao que se emborracha y busca peleas...\r\n\r\nFui inocente de todo! ^^','',8,0,1,0,3,NULL,'2009-05-10 12:56:51','2009-05-12 17:36:54','Al llegar a mi pueblo para las vacaciones de Navidad, la borrachera '),(17,'Bueno pues conoci a u  muchacho por internet el me dijo que conectara mi cam la conecte segun el le guste segun nos hicimos novios pero el no s conectaba los dias que quedamos y yo le reclamaba el decia que tenia problemas y no se conectaba hasta quiensabe cuando y solo por corto tiempo y de repente desaparecio de la nada me borro de su correo y de swu vida y yo no lo olvido me duele como chingados le hago para no recordar si loo unico que quiero es una razon del porque pero todos dicen o hablan de amor cuando an pasado años y yo dias no se que hacer quiciera tener halsheimer ','',4,12,1,0,5,NULL,'2009-05-11 00:18:56','2009-05-20 13:59:16','Bueno pues conoci a u  muchacho por internet el me dijo que conectara '),(18,'hace unos meses termine con mi novia llevabamos una relacion de casi 3 años el primer año q stubimos juntos fue uno de los mejores de toda mi vida si no es q el mejor yo m enamore d ella, ella era mi motor de ahi sacaba fuerzas para todo por ella simepre keria ser el mejor era el hombre mas feliz del mundo despues d ese año yo tube q irme 3 meses a chiapas para hacer mi servicio social, stando a ya ella m hablaba m decia q m keria q me extrañaba q en ste tiempo c habia dado cuenta d lo mucho q m keria.\r\n(ella antes d star conmigo tubo una relacion q duro komo 4 años despues terminaron y c separaron despues la conoci yo) al regresar a la cd de mexico q m comento q su comu c habia descompuesto y q la tenia q enviar a componer y para sto la mando a componer con su ex y creo q dsd ai empeso a frecuentar a su ex, todo cambi ella aveces era tan indiferente conmigo yo siempre q notaba eso m dolia m sentia mal y le preguntaba q si pasaba algo pero ella decia q no, haci paso nuestro segundo año d relacion yo stab muy confundido por eso, sin darme cuenta entre en una depresion y desconfianza por q no la keria perder, el ultimo año q pase con ella a sido unos de los peores d mi vida no keria darme cuenta q ella andaba con los 2 mi corazon lo sabia pero yo m negaba a aceptar eso, yo luche para q ella c quedara conmigo y lo dejara a el hacia d todo, tenia detalles con ella era muy cariñoso m desvivia por ella hasta q un dia decidi terminar con eso,termianos la relacion pero aveces veia a la chika y una vez m dijo q luchara por ella y eso m ilusiono mucho,yo hacia mas cosas por ella tenia muchos mas detalles por ella, todo lo q hacia era por ella, como no m alcanzaba el dinero para llevarla al cine o a komer o simplemente no podia pagar el transporte publico decidi buscar trabajo solo para q ella tubiera lo mejor pero eso nos distancio mucho y ahora si nos emos separado totalmente y la extraño kiero buscarla y lo uniko q m detiene es el pensar si ella algun dia valoro todo mi sfuerzo, q si m hubiera kerido nuka m hubiera echo eso, nunka hubiera dejado q sufriera d esa manera.\r\navveces pienso q solo m utilizo solo jugo konmigo, yo era el idiota q la paseaba cunado el otro tipo no podia star con ella, ahora trato d q todo eso pase ese sentimiento q no c como definir de odio tristesta pero tambien d amor ...komo odiar a la persona de la q m enamore, pero tambien komo perdonarla d lo q m hizo...ahora todos mis amigos kieren presenterme a chavas segunq para olvidar y yo la verdad no kiero konocer a alguien eso no kiere decir q ste cerrando mi corazon...bueno esa es mi historia un poko larga creoq les dar flojera leerla, pero si la leen spero q les pueda servir d algo y no nadamas pa reirc d mi y is puede dar consejos tambien son bienvenidos gracias  \r\n\r\n\r\n\r\n\r\n\r\n\r\n\r\n\r\n\r\n\r\n\r\n  \r\n\r\n\r\n\r\n\r\n\r\n\r\n\r\n\r\n\r\n\r\n\r\n',NULL,2,1,1,0,5,7,'2009-05-11 04:09:38','2009-05-12 16:02:12','hace unos meses termine con mi novia llevabamos una relacion '),(19,'    Una vez en las vacaciones en Asia me cogi una papa muy grande. Al día siguiente, todavia nublado en la cabeza me fui a un restaurante a desayunar. Como en Laos, entre Thailandia y Vietnam, venden hongos alucinógenos en las restaurantes me pedí una bebida con esas setas.\r\n\r\n    En mi vida ya tuve experiencias con las setas y así me enojé cuando despues de una hora no me vinieron ningunos efectos visuales ni de la mente. \"Que puta mierda\" pensé y enojado me pedí mas hongos.\r\n\r\n    Como tampoco me hicieron efecto me dije \"Aqui no quiero estar, los hongos no sirven\" y me fui a una agencia de viajes para comprar un tour en canoa. En la agencia, hablando con el tio que vende los viajes, de repente me llegó un olor a mierda a la nariz y pensé \"Esta ciudad esta maldita, por que no mantienen limpia su agencia de viajes?\".\r\n\r\n\r\nBuscando la fuente del olor mis ojos vieron en el suelo un charco redondo, color marron y pensé \"Este hijo de puta no limpia su agencia y yo estoy con mis pies en un charco de mierda\". Que asco!\r\n\r\nDerepente ví que habia un rio de color marrón tambien corriendo por mis piernas y me di cuenta: \"Mierda!!! Eso estaba saliendo de mi!\"',NULL,13,6,1,0,6,1,'2009-05-11 21:43:22','2009-05-27 14:15:02','    Una vez en las vacaciones en Asia me cogi una papa muy grande. '),(20,'tengo mi novio pero no satisface mucho ahora tengo un amigo doctor que me exita su forma de hablar de hecho eh llegaroa fingir enfermedades solo para escuchar como habla \r\nle eh dicho que la verdad quiero tener sexo con el pero el tiene 27 y yo 17 y le da un pco de miedo el que sea menor de edad pero tengo mchas ganas de cogermelo y se que el igual por que le gusto y me lo ha dicho \r\npero ya no se que mas hacer?',NULL,5,6,1,0,6,11,'2009-05-11 23:05:13','2009-05-19 16:03:41','tengo mi novio pero no satisface mucho ahora tengo un amigo doctor '),(21,'mmmm bueno una mas d desamor!stuve con un xico q durante muchos años fue mi amigo!...nunca quise star con el por miedo a perder la amistad;pero bueno al final llegamos a estar. me enamore y enserio ...se supone q el también de mi hablo de matrimonio hijos en fin!me llevaba muy bien con su familia en especial con su mama, despues de unos meses dewstar para ser mas exacta 5 el se tuvo q ir a trabjar por un año a otra ciudad del pais!..me pido seguir y bueno toda enamorada yo aunq creyendo q lo mejor era terminar la relacion ahsta ver que apsaba , acepte, paso un mes fui a verlo todo era amor, pero al regresar del viaje todo cambio, el empezo a cambiar, a no contestar las llamadas, en fin ya saben cm es eso!,asi pasaron meses en el cual peleabamos mucho el decia q lo hostigaba,claro para el es facil no llamar una semana y cuadno lo hace y pregunto xq no llamaste? el lo ve  cm acoso! jaja pero bueno aSI pasaron los meses yo aun enamorada aguante todo, me iamgine q tenia otra relacion pero bueno intente terminar cn el , el no kizo asi q me hice la lok!dijo cosas feas, intente ir a visitralo otra vez pero em dijo q mejor no porq le hacia perder tiempo, otro dia me sentia mal x un problema que tuve y em dijo q m tomara un diazepam q no tenia tiempo apra mis problemas q el tenia los suyos :S, esas cosas me dolian mucho y cuadno queria decir hasta aqui llego, el salia con amor que eres la mujer de mi vida, que iba a regresar para casarnos al proximo año :S , el es buena persona ya pero noc cambiO y todo empeoro cuando un dia el  llama y n la conversacion, dice q me amaba pero ya no cm ants, q no m xtrañaba,q  no m necesiatba pero OJO eso no kiere decir q kiere terminar cnmigo para luego regresar n diciembre!! eos fue dias ants d cumplir un año! cm veran eso si m afecto intente hablar cn el, acerk de lo q pasa ntre nosotros pero el nada, no tenia tiempo, hasat q llego el dia n q cumpplimos un año, obviamente q yo sstaba dolida el llama pa desarm feliz año y despues d eso nunk mas volvi a saber d el!...lo llame, mande mensaje, nada simplemente nada, no contestaba llegue hasta llorarle x le tlefono pidiendole ahblar q si terminamos lo hagams y terminemos cm amigos sikiera; pero el nada silencio! asi aguante un mes mas no supe nada d el hasta q su mama me dijo q no llamaba pa no lastimarme!!,,,asi q ahi tome la decision d mandarlo a  volar! creo q eso debi d hacer hac mucho nO! pero bueno una cuando sta enamorada espera y aguanta todo! tuve q terminar con el por mensaj de texto y oh milagro recibi rpta d el: pero fue muy stupida para mi! me dijo q no me llamaba desde que cumplimos un año por lo seria que estaba, que Yo tenia la culpa, q YO no keria esperarlo, q el si em amaba cn todo su ser y q bueno era lo unico q lo ataba para regresar :S y bonus q X mi culpa no pudo pasarla bien cn su familia el dia q fueron a visitarlo (loq  pasa esq su mama me adora hasat ahora, y bueno ella al parecer kizo intervenir, para q el otro sea mas sincero pero segun el yo la mande)..en fin m hcho la culpa de todo!....nose kiza si tuve la culpa de algo pero noc de que porq el nunca fue capaz de decirme que pasaba!!...en fin todo el teimpo q el estuvo fuera, fue terrible para mi, sus amigos que kedaron n la ciudad me trataban mal, empezaron a haber chismes que yo essto lo otro, me entre que tenia novia que la amaba(y si me estaba sacando la vuelta )!q le propuso matrimonio es mas,(dicen por ahi),y segun su mejor amigo AHORA SI STAba DISFRUTANDO SU VIDA jaja...maldito :S jajaja...bueno el ya regreso hace unos meses a la ciduad donde vivimos y la primera vz q me vio se escondiO jaja y se hizo el boraacho! que me parecio muy gracioso!!..le hecho la culpa a su mama de nuestro rompimiento...lo q me molesta y creo q no me deja avanzar es el hecho de que me haya tratado asi! el no darm una explikcion un proque?se supone q erams novios!! eramos algo serio y mas que eso eramos amigoS!..me gustaria hablar con el siento que asi podre dejar todo atras! pero mis amigas me dicen q No q no sea una tonta total el se vuelve a ir n un año mas para terminar sus studios!...me duele aun!!y noc noc qpensar q hacer! dejarlo ahi...sera lo mejor? pero no puedo olvidar, ahora no hablamos para nada, lo poquisimo que nos hemos encontradO ni lo miRo..el bueno si se keda mirandome pero nada de eso no pasamos!....creo q me da colera, em da n el orgullo femenino el que nunca me haya buscado!! pero no entiendo proq? segun uno de sus amigos es xq le da paltas? porq se siente mal? noc q pensar ..consciencia??..o simplmtente porque le da igual...antes queria volver con el!! porque siento que me kede n el aire!, luego digO no pero hablems  sikiera como amigos!! o vamos a hacerle algo para vengarme jaja nOc! solo kiero dejar ir esto q siento.\r\n.alguno tiene un conseJo??\r\nq haGo??\r\nporq creen q se comporta asi?? asi son tOdos?? un dia te amo el otro me olvido??\r\ncm haGo para olvidar??','',2,2,1,0,5,NULL,'2009-05-12 05:35:42','2009-05-27 14:39:47','mmmm bueno una mas d desamor!stuve con un xico q durante muchos '),(22,'Os lo voy a contar en verso:\r\n\r\n\"Desde que tomo All Bran\r\nlos zurullos salen duros\r\npero no se van.\"\r\n\r\nAsí que lo mío es \"cagada\" más que \"putada\"','barropoop@hotmail.com',8,1,1,0,7,NULL,'2009-05-12 10:24:22','2009-05-15 23:24:00','Os lo voy a contar en verso:\r\n\r\n\"Desde que tomo All Bran\r\nlos '),(23,'Hace ya tiempo de esto, pero la cuetsión es que llamaron a la puerta de casa y era un hombre pidiendo, y como siempre pues rapidamente le despedí diciendole que lo sentía mucho pero que estaba la cosa mu mala,  asi que nada cerre la puerta y me preguntó mi madre que quien era, y nada le dije que era un hombre pidiendo, mi madre como buen alma caritativa (cosa que yo no he heredado) me dijo que bajara a buscarlo y le diera 2 euros para un bocadillo y una lata, y claro en ese momento me dio penilla y bajé corriendo, en pijama sin gafas, y en el sexto lo encontré y le dije: \"perdona hijo toma dos euros\" a lo que el me dijo \"no no gracias, esto de que es\" y yo: \"si hombre cógeloo ¿tu no acabas de llamar a mi casa pidiendo?\" y me dijo el: \" no no yo vivo aqui\", en ese momento me podía haber tragado la tierra!!!','',3,1,1,0,2,NULL,'2009-05-12 14:04:38','2009-05-13 19:45:32','Hace ya tiempo de esto, pero la cuetsión es que llamaron a la '),(24,'Una noche cualquiera de aquellas de la juventud de lo botellones, estaba yo con unas amigas y estábamos todas muy divertidas con muchos jiji y jaja, y no hace falta decir que con bastante alcohol en el cuerpo, de repente al lado nuestra apareció un chico que parecía querer robarnos la cocacola (que a esas horas era muy valorada) yo me percaté, me acerqué y le dije:\"eh!esa cocacola es nuestraa!!\", el me miró con carita de pena y me dijo: \" ¿te importa si bebo un poco?\", yo me apiadé de el y le dejé pero en ese momento me di cuenta de que tenía unas pastillitas muy llamativas (de muchos colorines) en la mano y empecé mi discurso semi-antidrogas: \"la droga es malaaa no te la metas, que despuéss no hay vuelta atrass además eso es mucho pa ti solo, si te vas a pegar una fiesta pasate algo, blablablablablablablabla\" así pude estar 10 minutos yo sola haciéndome un monólogo, y por detras por supuesto las risotadas de mis amigotas; el solo me miraba anonadado y seriote aunque de vez en cuando apareciá una sonrisa en su cara que me animaba a seguir, hasta que por fín dijo : \"soy epilépsico es mi medicina\" no se porqué nadie me paró en mi espiral de destrucción! aunque lo peor vino depués cuando dijo : \"yo te conozco tu eres....\"','',3,5,1,0,7,NULL,'2009-05-12 14:18:04','2009-05-25 21:29:56','Una noche cualquiera de aquellas de la juventud de lo botellones, '),(25,'Bueno lo que paso a mi fue que me mordio un perro me pico un alacran y me orino una araña en la herida...  pero bueno siguo vivo\r\n','simon-martinez@hotmail.es',4,2,1,0,7,NULL,'2009-05-12 18:09:15','2009-05-18 18:59:29','Bueno lo que paso a mi fue que me mordio un perro me pico un '),(26,'Bueno pues como he visto el apartado niños vacío me he acordado de una historia, de esos locos bajitos, una vez mi amiga estaba mala y yo iba para su casa a verla y me pidio si podía recoger a su sobrina que estaba en clases de baile justo debajo de su casa y asi ella no tenia q bajar, pues bien alli que me fui (aclaración: la niña estaba bien gordita con una carita mu graciosa e iba a clases de baile para que hiciera ejercicio). Cuando llegué me encontre a la profesora indignadísima y a la niña llorando (situación bastante incómoda) resulta que mientras bailaban (flamenco), se escuchó en medio de la clase un ruido parecido al de un peo, y la profesora solto un comentarioo: \"uy a alguien se le ha escapado\" a lo que la niña se dio por aludida y respondió gritando y dando una pataleta diciendo que ella no se lo habia tiradoo y que la habia mirado a ella por estar gorda porque a la profesora no le gustaban las gordas y que por tanto no le gustaba ella y le tenia manía, todo esto fue casi al finalizar la clase con todas las madres que habían ido llegando a recoger a sus niñas mirando sus últimos pasoos. Cuando yo llegué la niña seguía llorando como una magdalena e increpando a la profesora diciendole \"mala\", la profesora me explicó que es que seguramente había sido un ruido de las tablas al taconear o algo que a ella le había parecido, pero que por favor la disculpara, pero que la niña no podía seguir en el baile porque todo lo estaba montando porque ella no quería ir al baile porque no le gustaba moverse, y la niña mientras seguía llorando y gritando:  \"lo ves lo ves si es que no te gustan los gordoss\", bueno un apuroo yo no sabía cm tranquilizar ni a la niña ni a la madre que la parió ni a la profesora y por supuesto donde meterme, además a la niña yo apenas la conocía, la profesora incluso me hizo una nota para la madre. Al final conseguimos salir de alli, porque la profesora me estaba comiendo la oreja d euna manera descomunal y bueno nada mas salir del baile la niña ya tan contenta bailando y saltando por la calle. Cuando llegamoss a su casa antes de que yo le contara nada a mi amiga (la tia de la niña) dijo la niña : \"Que peo me tiraoo en el bailee tata\" pa matarlaaaaa','',5,2,1,0,4,NULL,'2009-05-12 21:13:51','2009-05-15 19:18:05','Bueno pues como he visto el apartado niños vacío me he acordado '),(27,'YO CONOCI UNA MUJER QDESDE Q LA CONOCI ME GUSTO,ENTONCES EMPESE A ENAMORARLA Y AL FIN DECIDIMOS SER NOVIOS, PERO UN TIEMPO DE UN MES ELLA HABLO CONMIGO SERIAMENTE Y ME DIJO Q LO NUESTRO NO PODIA SEGUIR POR Q NO ME QUERIA ENGAÑAR, Y ME DIJO Q TODAVIA SEGUIA QUERIENDO A SU ANTIGUOUO NOVIO PERO Q LO QUERIA OLVIDAR,ENTONCES ME DIJO Q TOMABA ESA DECICION POR Q NO QUERIA Q YO ME SINTIERA UTILIZADO,PERO YO LE DIJE Q TOMABA EL RIESGO YQ IBA HACER LO POSIBLE POR GANARME SU AMOR. \r\n Q ME ACONSEJAN USTEDES','saul_ALEMAN_30@hotmail.es',2,3,1,0,5,NULL,'2009-05-13 01:40:48','2009-05-19 16:01:51','YO CONOCI UNA MUJER QDESDE Q LA CONOCI ME GUSTO,ENTONCES EMPESE '),(28,'ola...ya no creo en el amor...solo he tenido malas experiencias....en realidad o puedo aser sentir al la mujer ke amo ..la mas feliz del mundo...pero ella no sabe valorar eso...y aora me ha pediod un \"tiempo\"....pero ya estoy cansao de eso...aora si ke  ya no kaere mas en ese juego ke solo me rompe el corazon...estare solo un buen tiempo.....asta el año 2012...........bye...suerte a todos,...',NULL,1,0,1,0,5,4,'2009-05-14 20:01:16','2009-05-15 23:23:15','ola...ya no creo en el amor...solo he tenido malas experiencias....en '),(29,'pues a mi me paso una pero una estupides que hize yo mismo esque tenia que entregar boucher de pago para la escuela el ultimo dia de escuela pero se me olvido entregarlo y lo deje en mi mochila y no se si alguien me lo robo porque despues de las vacaciones busque y ya no estaba ahora todos ya lo entregaro menos yo y como mi orientador es uno de esos muy esrrictos me ba a cagar horrible ustedes cren que me expulsen de la escuela chale me quiero morir de influenza','',2,0,1,0,2,NULL,'2009-05-15 07:45:18','2009-05-15 16:29:00','pues a mi me paso una pero una estupides que hize yo mismo esque '),(30,'estube con un chico ... pase los mejores momentos qon el!! ... pero nose.. el estaba raro, algo kallado.. qisa el era asi.. pero pense qe kn el tiempo iva a ser todo diferente...pasoo mUuuucho d vrd muuucho tiempo, y nuc .. dije q ya nO! .. qe no merezko estoH* y weno termine kn el... pensando q iva a decirme: Nooo!! xq? .. yo te qiero... algo asi.:! pero nah .. solamnt dijo: Ok! ... me dolioo bastantee esttoo!! .. yo lo llamaba y todo pero el siempre me evitava... trate y hize lo posible para volver kn el.. pero parece q el ya no qeria nah! .. entonces esta relacion ya fue! .. es mas yo le pregunte si qeria volver y solamnt se fue dl msn! .. auu! me dolioo bastante .. y dsd ese dia... mi prioridad es olvidarme de el!! ... ','claudia_1575@hotmail.com',2,36,1,0,5,NULL,'2009-05-16 03:08:43','2009-05-27 14:42:49','estube con un chico ... pase los mejores momentos qon el!! ... '),(31,'estoy muy enojada ya que mi ex novio y su hermano me estan haciendo la vida imposible!!!!pero la verdad que me chupan un huevo los dos....',NULL,1,2,1,0,5,15,'2009-05-16 07:49:07','2009-05-23 05:20:29','estoy muy enojada ya que mi ex novio y su hermano me estan haciendo '),(32,'A mi novia le gusta que le follen por el culo y eso me encanta. \r\nEl problema es que la muy zorra se ha liado con medio barrio y me ha pegado una enfermedad en la picha. Ahora estoy jodido del corazon y con escozor en la polla.\r\n\r\n','',5,6,1,0,6,NULL,'2009-05-16 12:36:04','2009-05-27 03:35:10','A mi novia le gusta que le follen por el culo y eso me encanta. '),(33,'mi novia me cambio por su trabajo y me  dejo por otro , yo se donde trabaja y estoy pensando hacer que la despidan una venganza , que hago ?','ansel-069@hotmail.com',0,0,1,0,5,NULL,'2009-05-16 14:30:04','2009-05-16 14:30:04','mi novia me cambio por su trabajo y me  dejo por otro , yo se '),(34,'ptmre.. estoy reclavadaso, me cago por mi prima mare!! pero ella es menor en 5 años.ademas no se si ella tb quiera algo conmigo? ¿como xuxa se si a ella le importo como algo mas?','ey_god@hotmail.com',0,4,1,0,5,NULL,'2009-05-17 00:38:57','2009-05-18 22:59:04','ptmre.. estoy reclavadaso, me cago por mi prima mare!! pero ella '),(35,'me cargan los rodeos y lo cursi,mi historia se trata de mi ex pololo.siiii el es guapo atractivo y le encanta el sexo,PERO,es el mino mas mamon que puede haber en el planeta es terrible,cuando hacemos el amor el esta en lo del,y se olvida que debajo de el ai un bombom derritiendose de ganas de explotar y el no la deja osea hello nooooooo el no es pa mi','',4,10,1,0,6,NULL,'2009-05-17 05:08:45','2009-05-23 03:54:57','me cargan los rodeos y lo cursi,mi historia se trata de mi ex '),(36,'me estaba copiando en una examen con la profesora mas idiota que existe.. pero cuando ya estaba por terminar mi examen, se me cae al piso el cuaderno con los machetes y la vieja me mira con cara extraña','',2,0,1,0,7,NULL,'2009-05-17 06:27:12','2009-05-18 22:10:31','me estaba copiando en una examen con la profesora mas idiota '),(37,'no se quien fue, pero alguien puso mi e-mail en una especie de foro donde van todas las personas desesperadas por conocer a alguien o por garchar. en 2 dias, me agregaron 250 tipos ._.','',4,0,1,0,6,NULL,'2009-05-17 06:29:36','2009-05-19 23:44:53','no se quien fue, pero alguien puso mi e-mail en una especie de '),(38,'a un amigo mio le hicieron una broma: agarraron una botella y la llenaron con meada y le dijeron que era una cerveza. como el chico acababa de tomarse media botella de vino (o algo asi), se mando la \'botella de cerveza\' de una','',1,0,1,0,7,NULL,'2009-05-17 06:31:59','2009-05-17 20:04:48','a un amigo mio le hicieron una broma: agarraron una botella y '),(39,'un dia me quise levantar temprano pero sin despertar a nadie de mi casa. resulta que en mi casa, en la repisa normalmente esta el azucar adelante del todo y atras el mate, pero ese dia estaban alreves.. y yo, maldormida, agarre el azucar y tire para afuera. SE CAYO EL AZUCAR EN EL PISO Y EL MATE CAYO ADENTRO DE MI TE','',2,3,1,0,7,NULL,'2009-05-17 06:35:11','2009-05-20 13:57:35','un dia me quise levantar temprano pero sin despertar a nadie '),(40,'Hola soy Paloma: Hace una año me enamoré como tonta de mi mejor amigo y se lo dije por mensajes, pero él nunca me contestó nada, por lo que decidí alejarme de él, para olvidarlo hace más o menos un año.\r\n Hace poco fuimos de vacasiones con todos los amigos y él se emborrachó, por lo que decidió decirme que no aqueeria hacerme daño como unas veinte veces hasta que me querada claro.\r\n\r\n  Creanme que me quedó muy claro, lo que nop entiendo todavía es por qué me decía...¿No vas a llora? te voyyy a besar... pero eso va ha ser lo último que suceda entre tú y yo..., la verdad yo si sentía algo por él pero en el momento como me lo dijo delante de todos nooo pude llorar y me burlé de él, le dejé muy claro que no lo quiero y que ´hacía mucho tiempo nisiquiera le hablaba porque había decidido olvidarlo ¿¿alguien que me explique???  ese \"amigo\" me aprecia?? me odia?? o fue el alcohol?? qué onda??',NULL,5,0,1,0,5,17,'2009-05-19 03:23:59','2009-05-25 02:08:32','Hola soy Paloma: Hace una año me enamoré como tonta de mi mejor '),(41,'hola soy una persona q quiere contar lo qle paso o peor aun lo q no a terminado mi novio me enamoro me iso decir centir y acer cosas q nunca avia echo y luego se consiguio otra pero no me quiere dejar dice q es por qle toca y q no me quiere perder todavia estoy con el pero con la condicion q yo tambien puedo acer lo mismo. como les parece todo esto.','fannymikey@hotmail.es',8,0,1,0,5,NULL,'2009-05-19 13:44:02','2009-05-21 13:21:58','hola soy una persona q quiere contar lo qle paso o peor aun lo '),(42,'Pues a mi me dejó mi ex delante de toooooooooooodas mis amigas el dia de mi cumple, liando un espectaculo pardo en el bar y encima tube que dormir con ella y me abrazaba y esas cosas! que putas leches!','',5,0,1,0,5,NULL,'2009-05-19 22:22:54','2009-05-20 16:59:51','Pues a mi me dejó mi ex delante de toooooooooooodas mis amigas '),(43,'Pues estaba yo en la hora del descanso del curro con una compañera mirando por la ventana y eso que llega un repartidor un tanto feo, y empezamos: jodeer que tio mas feo, madre mia es horribleeeee!!! a eso que otra compañera se acerca a la ventana y dice: es mi marido! \r\nuppppppppppps!\r\n\r\nal cabo de una hora nos dijo: era broma! xo vamos lo mal que lo pasé no me lo kita nadie!','',3,1,1,0,1,NULL,'2009-05-20 10:07:09','2009-05-20 17:53:57','Pues estaba yo en la hora del descanso del curro con una compañera '),(45,'mi rten mi historia es que la perdi por hijo  de p0uta que le la robo y a haro ne ce k hacer viendolos juntos besandose demonios ayudenme   aaaaahhhhhh!!!!!','saw_.5693_@hotmail.com',5,0,1,0,5,NULL,'2009-05-20 12:17:22','2009-05-24 22:46:57','mi rten mi historia es que la perdi por hijo  de p0uta que le '),(46,'que puta mierda la chica se mis sueños\r\nque la llevo tratando año y medio\r\ncuando al fin se me ocurre decirle\r\nque me gusta me entero que mi mejor\r\namigo es su novio y para colmo\r\nle rompi el hocico a mi amigo\r\ny la chica de mis sueños no me habla\r\ny ni siquiera quiere verme ni\r\nen pintura','estebanecm@hotmail.com',3,0,1,0,5,NULL,'2009-05-20 14:27:00','2009-05-22 01:26:44','que puta mierda la chica se mis sueños\r\nque la llevo tratando '),(47,'hay una chica k siempre me ah gustao desde el primer siglo aunke pensara k nunka le he dado importancia ahora estoy en su salon y cada vex k entra al salon mi coraxon se detiene a pesar de k ya ha pasado 2 meses y no hablamos mucho  una k otras palabras y eso me tiene loco como hacerle saber k muero por ella..... ayudaaa!!! ah bueno me olvidaba aveces cruzamos miradas pero nose me querra decir algo o k tanto me puede decir eso','sequieneres_29@hotmail.com',3,0,1,0,5,NULL,'2009-05-20 17:28:15','2009-05-22 01:10:22','hay una chica k siempre me ah gustao desde el primer siglo aunke '),(48,' se llama estefani estudia en el colegio jose celestino mutis con migo en el mismo salon  ba de 7-4 y no la puedo olbidar q tal tristemente ella es muy bonita mi corazon se emosiona y lo q pasa es q hoy mayode 2009 me saludo con una sonriza mui bonita me encontro peliando y sucio ypara demar gonorrea yo la saludo como un idiota yo le duije hola como idiota yo mucho ser idiota y pa ra estas una china q se llama maria fernanda serrano me pega con una pytada en la guebas buscando q q me quede sin hijos gonorreaaaaaaaaa que ago \r\n','sebas_22_gomelo@hotmail.com',1,0,1,0,5,NULL,'2009-05-20 18:47:37','2009-05-20 22:38:02',' se llama estefani estudia en el colegio jose celestino mutis '),(49,'HOLA BUENO MI EX NOVIA SI ME AMABA PERO ME DEJO DE QUERER PORQUE YO NUNCA LA ABRASE NI BESE NI TAMPOCO LE DIJE QUE LA AMABA SOLO LE DESIA QUE LA AMABA POR MEDIO DE CARTAS O TELEFONO PERO NUNCA PERSONAL MENTE Y SI ELLA MA DIERA UNA SEGUNDA OPORTUNIDAD JURO POR DIOS QUE NO LA DEFRAUDARIA','',0,0,1,0,5,NULL,'2009-05-20 20:44:56','2009-05-20 20:44:56','HOLA BUENO MI EX NOVIA SI ME AMABA PERO ME DEJO DE QUERER PORQUE '),(50,'HOLA BUENO MI EX NOVIA SI ME AMABA PERO ME DEJO DE QUERER PORQUE YO NUNCA LA ABRASE NI BESE NI TAMPOCO LE DIJE QUE LA AMABA SOLO LE DESIA QUE LA AMABA POR MEDIO DE CARTAS O TELEFONO PERO NUNCA PERSONAL MENTE Y SI ELLA MA DIERA UNA SEGUNDA OPORTUNIDAD JURO POR DIOS QUE NO LA DEFRAUDARIA','',0,0,1,0,5,NULL,'2009-05-20 20:45:01','2009-05-20 20:45:01','HOLA BUENO MI EX NOVIA SI ME AMABA PERO ME DEJO DE QUERER PORQUE '),(51,'HOLA BUENO MI EX NOVIA SI ME AMABA PERO ME DEJO DE QUERER PORQUE YO NUNCA LA ABRASE NI BESE NI TAMPOCO LE DIJE QUE LA AMABA SOLO LE DESIA QUE LA AMABA POR MEDIO DE CARTAS O TELEFONO PERO NUNCA PERSONAL MENTE Y SI ELLA MA DIERA UNA SEGUNDA OPORTUNIDAD JURO POR DIOS QUE NO LA DEFRAUDARIA','',1,0,1,0,5,NULL,'2009-05-20 20:45:01','2009-05-21 17:39:27','HOLA BUENO MI EX NOVIA SI ME AMABA PERO ME DEJO DE QUERER PORQUE '),(52,'HOLA BUENO MI EX NOVIA SI ME AMABA PERO ME DEJO DE QUERER PORQUE YO NUNCA LA ABRASE NI BESE NI TAMPOCO LE DIJE QUE LA AMABA SOLO LE DESIA QUE LA AMABA POR MEDIO DE CARTAS O TELEFONO PERO NUNCA PERSONAL MENTE Y SI ELLA MA DIERA UNA SEGUNDA OPORTUNIDAD JURO POR DIOS QUE NO LA DEFRAUDARIA','',1,3,1,0,5,NULL,'2009-05-20 20:45:02','2009-05-21 23:03:47','HOLA BUENO MI EX NOVIA SI ME AMABA PERO ME DEJO DE QUERER PORQUE '),(53,'HOLA, TENGO UNA SOBRINA QUE DESDE HACE MESES ESTA SOLA, PORQUE SU MARIDO SE FUE AL OTRO LADO Y AHORA SE ENCUENTRA BIEN CACHONDA, Y AHORA QUISIERA SABER COMO HACERLE PARA CONQUISTARLA; EN UNA OCASION ME COMENTO QUE HACER EL AMOR EN FAMILIA SERIA MUY SALUDABLE PORQUE SE QUEDA EN FAMILIA.\r\n\r\nAHORA ME GUSTARIA HACER EL AMOR CON ELLA PERO NO SE COMO DECIRLE PARA QUE SE ANIME.','alex-seprim@live.com',1,0,1,0,6,NULL,'2009-05-20 22:59:12','2009-05-22 03:37:46','HOLA, TENGO UNA SOBRINA QUE DESDE HACE MESES ESTA SOLA, PORQUE '),(54,'ESTOY EN EL CHANCE Y AHI HAY UNA CHAVA QUE ESTA BIEN RICA EL CLAVO ES DE QUE ESTA CASADA Y YO TAMBIEN PERO LA DESEO TANTO QUE NO SE QUE DECIRLE PARA QUE MEDE SU CUERPO, NO ME ANIMO A DECIRLE NADA PORQUE SI SE ENOJA YA ME PIZE PORQUE ME MANDA A LA MIERDA Y YA NO ME VA HABLAR QUE ME ACONSEJAN','xxdiel@hotmail.com',0,0,1,0,6,NULL,'2009-05-20 23:13:11','2009-05-20 23:13:11','ESTOY EN EL CHANCE Y AHI HAY UNA CHAVA QUE ESTA BIEN RICA EL '),(55,'bueno anduve co un chavo que se llama aldo pero lo dejde por que me justaba otro chavo que se llama francisco pero todos le dicen pancho  solo que a mi ex lya llevaba un mes imedio pero un dia salimos tenprano todos nos pusimos deacuerdo para salir a un lado total fuimos ala liverppol y estuybimois juntos todo el dia que parecia que andubieramos pero yo le pregunte q si endovamos y el me dijo q no entonces paso entramos nuevamente a la escuela y el ni yo aqblamos desde ahi hasta orita no nos ablamos hasta penasd una semana nos enpñesamos ablar pero no sacamos el tema de la liberpool el caso es que yo le dige a mi amiga que querua regresar con el poero me digo que mejor lo tratata mas para que no pasara la ultima vez buno estava todo vien el me esperava pera despedirse y ayer presisamente le dije a mi amiga que me esperara hasta que saliera aldo tatal lo esperamos y ya iva a saludarlo cuando lo veo con otra chava agarrados de la mano y a mi no me hizo caso y mejor me fui i nisiquiera me alcanzo pero yo dijo que lo iso por que cuando andabamos le hice mucho0 daño y quiso enimerarme para eserme daño pere ahoira ya no se que haser con esto y a poncha todavia le ablo pero como amigos por que lo corte por aldo y esa es mi historia\r\n','adriana_nena@hotmaill.com.',0,0,1,0,5,NULL,'2009-05-21 16:24:45','2009-05-21 16:24:45','bueno anduve co un chavo que se llama aldo pero lo dejde por '),(56,'hola bueno estoy super enamorada del veterinario de mi perrita yo creo k tambien siente algo pero es muy timido siempre kuando voy siempre me mira y m sorie pero ni el ni yo nos atrevemos a desir nada k hagoooooooooooo','the.prettymayra@hotmail.com',2,0,1,0,5,NULL,'2009-05-21 19:30:53','2009-05-22 06:39:34','hola bueno estoy super enamorada del veterinario de mi perrita '),(57,'Bueno pues hace 6 meses conoci a un chavo en mi prepa el esta en un lado de mi salon pero yo siempre lo veo por la ventana y el tambien cada vez que me ve sonrie y se me queda viendo y asi ha sido todo estos meses hasta hoy que me atrevi a darle un recado donde decia que me interesaria saber mas de el y le deje mi numero... pero no le puse mi nombre,y una amiga se lo entrego y el sabe kienes son mis amigas... pero no se si hice mal... oke...','tanisha-3101@hotmail.com',0,3,1,0,5,NULL,'2009-05-21 20:40:50','2009-05-22 03:30:51','Bueno pues hace 6 meses conoci a un chavo en mi prepa el esta '),(58,'Todos los que creia amigos me decepcionaron, todos me fallaron, todos tan inmersos en sus cosas y se olvidan de mi, yo siempre dejaba cualkier cosa mia por estar con ellos si estaban mal, siempre me he sacrificado por los demas y ellos no pueden hacer ni el minimo esfuerzo por mi','',0,0,1,0,7,NULL,'2009-05-22 00:40:45','2009-05-22 00:40:45','Todos los que creia amigos me decepcionaron, todos me fallaron, '),(59,'amo a mi ex-novio pero por un mal entendido cortamos al siguiente dia hablamos por phone pero le dije cosas opuestas a lo ke realmente sentia mas tarde me arrepenti pero mi orgullo es demasiado grande para pedirle una disculpa TE AMO ABIMAEL!!!!!!!',NULL,0,0,1,0,5,20,'2009-05-22 05:20:26','2009-05-22 05:20:26','amo a mi ex-novio pero por un mal entendido cortamos al siguiente '),(60,'soy un chico guapo que se metió con su mejor amigo en el aspecto sexual el dice que el es heterosexual , nos conocemos desde hace 4 años el sabe de mi que soy gay pero cuando esta tomado le sale su gay jajá la verdad no se qué hacer el me gusta y disfruto hacerlo pero el dice que solo es calentura , me gusta y lo quiero pero los dos nos utilizamos creo que la amistad termino y no se si empieza un nuevo mundo para él , espero que salga de closet algún día','sexynice10@hotmail.com',0,3,1,0,6,NULL,'2009-05-22 05:46:46','2009-05-23 18:17:16','soy un chico guapo que se metió con su mejor amigo en el aspecto '),(61,'Hace tiempo le gustaba a una chica , muuy amiga mia , pero yo no me daba cuenta y creia que lo decia en broma , pero no ... ahora me doy cuenta de que realmente la quiero pero ella pasa de mi , ya no le gusto y cuando habla con otro de mis amigos hasta me ponogo un poco celoso , ahora me siento mal y como si todo lo malo me pasase a mi.\r\nUn saludoo','guillo_1234@hotmail.com',0,1,1,0,5,NULL,'2009-05-22 06:42:09','2009-05-22 20:03:41','Hace tiempo le gustaba a una chica , muuy amiga mia , pero yo '),(62,'Hola soy Argentina, el viernes mi amiga me gritó un par de cosas a fuera de mi casa y me acusó de que siempre me hago la víctima, pero la verdad es que yo generalmente cuento mis cosas y ahora que me quéjé por lo que no me pareció me  gritoneó eso, en tons yo no entiendo yo casi me chuto toda su vida porque me la cuenta,  me dice sus problemas y la escucho, y además generalmente no la critico,  más bien la apoyo, por qué ahora me dice... cuando es la única vez que me tiene que escuchar mis tristezas  me dice esas sonzadas y a parte va y les dice a mis amigos cosas de mí y ya estoy cansada, nisiquiera tengo ganas de explicar, así q si mis amigos le creen bueno, yo ya no voy a esforzarme.','',0,0,1,0,7,NULL,'2009-05-22 20:33:36','2009-05-22 20:33:36','Hola soy Argentina, el viernes mi amiga me gritó un par de cosas '),(63,'Hi!! Soy una mujer que desde hace 5 años no tengo sexo y tengo muchas ganas, ahorita estoy saliendo con un niño de 23 y yo tengo 28 y él dice que me ama, qué hago la verdad de verlo me emociono  y hasta tiemblo pero es muy niño y qué tal si me enamoro. Qué hagooooo???\r\n','',0,0,1,0,6,NULL,'2009-05-22 20:41:51','2009-05-22 20:41:51','Hi!! Soy una mujer que desde hace 5 años no tengo sexo y tengo '),(64,'hola me siento mal saben desde hace 1 año que nadie quiere nada conmigo no se que hacer me siento mal alas mujeres uqe le digo para tener una relacion me dicen que no y lo peor esque yo no soy ningun feo y diganme que hago si ya no se que hacer me siento como un joven apartado que hago ayudenme pporfavor este es mi correo   f.l.a_30@hotmail.com','f.l.a_30@hotmail.com',2,0,1,0,5,NULL,'2009-05-22 21:02:23','2009-05-23 06:11:02','hola me siento mal saben desde hace 1 año que nadie quiere nada '),(65,'hola tenia una novia y me dejo porque ya. lo ma sduro fue que volvio con su ex al otro dia y lo mas duro es que el mancito es un marihuanero que hago.','ivanl1992@hotmail.com',0,0,1,0,5,NULL,'2009-05-22 21:42:32','2009-05-22 21:42:32','hola tenia una novia y me dejo porque ya. lo ma sduro fue que '),(66,'HOLA,TENGO 28 AÑOS,SOY SEPARADA..ESTOY EN EL GIM Y EL DUEÑO DEL GIM, ME MOLESTA TODO EL TIEMPO,LA VERDAD EL ES MUY GUAPO Y SIEMPRE ME A DADO TEMOR ESTAR CON UNA PERSONA TAN BONITA FISICAMENTE,NO SE Q HACER YO SOY  TROZA\" NO GORDA\" NO SE HASTA DONDE  SEA VERDAD Q EL ESTE TAN INTERESADO EN MI....SERA Q UN HOMBRE COMO EL SI ME TOMARA EN SERIO...ME DICE Q LO PONGO NERVIOSO,BUENO UNA CANTIDAD DE COSAS.............ME URGE UN CONSEJO POR FAVOR','nana02111979@yahoo.com',1,0,1,0,6,NULL,'2009-05-22 23:29:11','2009-05-25 22:27:16','HOLA,TENGO 28 AÑOS,SOY SEPARADA..ESTOY EN EL GIM Y EL DUEÑO '),(67,'el niño que me encanta y yo nos besamos en la fiesta de nuestros cumpleaños (cumplimos el mismo dia) el problema es que el tenia novia, y ella no fue a esa fiesta porque pelearon el dia antes...\r\nese dia estuvo super bien conmigo y pues ya al final nos terminamos besando..\r\nluego tuve que enfrentar el lunes los chismes y todo... el me saludo normal.. pero ya la novia no le habla a el, pero ella a mi si me sigue saludadando normal...algunos me han dicho que el la quiere mucho y que quiere volver con ella... pero desde que nos besamos no dejo de pensar en el.. no se si yo le gusto todavia o si tengo oportunidad alguna con el.. me muero por tener una relacion con el, me gusta hace un año y ahora qeu por fin paso algo, me estoy ilusionando aunque se que no deberia.. como hago para saber lo que el siente? para qeu quiera tener algo conmigo? o para sacarmelo de una vez por todas.. en verdad no aguanto ams cada dia me gusta muchisimo, y si me sigo tragando esto no voy a resiistir mucho... Gracias!\r\n','nenitahermosa-03@hotmail.com',1,0,1,0,5,NULL,'2009-05-23 04:58:18','2009-05-26 02:16:44','el niño que me encanta y yo nos besamos en la fiesta de nuestros '),(68,'bueno , ami me gusta un chico que es hermoso y el sempre en la escuela me mira , pero no creo que el guse de mi por qe el un dia que ibamos a salir al inchar ppor hay el qeria besarse con mi amiga obioo yo re dolida yo llee roge a mi amiga que no pasara nada pero resulta que ase poco mi amiga no la de antes otra le dijo a mi enamorado que se chape con la chica esa de antes que esta ves si iba a querer y el repondio nose nose yaboi a ber y la otra insistia y entre eso el me dise en el oido yo quiero con vos y yo no savia que aser y dije jaja me asi la disimulada y el hoy cuando lo vi me abrazooo re fuertee y miraba yo lo adoroo es hermosoo que diser untedes ¿gustara de mi? , ahh me olbide de desirles que el siempre que me conecto me dise mi amor pero no somos nada y tbm me quiere conquistarpara que yo me bese con el pero el solo quiere un beso y yo no quiero solo eso mm y hoy en eso que estaba chatiando un otro amigoo (lindo) se me declaro y otro mas me dijo que qeria beso conigo pero al que yo mas uqiero es ah el osea ustedes saven el primero de la istoria a el lo amo\r\nqe disen que ago?','',0,0,1,0,5,NULL,'2009-05-23 05:18:27','2009-05-23 05:18:27','bueno , ami me gusta un chico que es hermoso y el sempre en la '),(69,'Hola quiero contarles lo que esta pasando en mi vida...hace 1 mes y medio que termine una relacion de 5 años. Conoci a un chico muuyy lindo, él siempre me tiro onda, me busco mucho yo empecé a sentir muchas cosas por él, luego me di cuenta que estaba enamorada,pero lo feo de esta historia es que hoy me entere de que él en realidad esta enamorado de mi hermana...siento que solo quiere jugar con nosotras y que es muuyy mala persona ya que el sabe que mi hermana tiene una familia y esta buscando arruinarla...necesitaba descargar todo esta bronca y espero que vos que estas leyendo esto, me aconsejes que tengo que hacer, porque de verdad necesito que me lo digan ya que estoy muy enamorada de el...espero tu respuesta!!!',NULL,2,0,1,0,5,15,'2009-05-23 05:32:23','2009-05-23 11:17:35','Hola quiero contarles lo que esta pasando en mi vida...hace 1 '),(70,'Siempre aquella persona que tu encuentras tan especial, que no sabes ni como contarle cuanto la quieres. Que te dejen de un momento a otro sin nisiquiera darte alguna razon especifica, que puta mierda','',1,0,1,0,5,NULL,'2009-05-23 11:47:08','2009-05-25 10:47:24','Siempre aquella persona que tu encuentras tan especial, que no '),(71,'me van a presentar una chica pero no se si le gustare y no se de que hablarle soy muy tímido y un poco torpe no se que hacer necesito ayuda quiero conquistarla esta bien buena','juniorcabrera2009@hotmail.com',0,2,1,0,4,NULL,'2009-05-23 17:06:29','2009-05-26 02:01:17','me van a presentar una chica pero no se si le gustare y no se '),(72,'CARAJO FUI A TRABAJAR AL CAMPO, ME TOCO TRABAJAR CON DOS COJUDOS DE LA PUTA, PRIMERO UN COJUDO DE ESOS DICE: MIERDA MIRA ESE HIJO DE PUTA¡, Y APUNTA A UN TORO EL WEON DE MIERDA, LUEGO CAMINO Y VAYA Q PISO LA CAGADA DE UNA VACA MAS GRANDE Q MI CABEZA, Y EL OTRO COJUDO ME EMPUJA AL POZO DE DEFECACI0ONES DE LOS PUTOS TOROS DE MIERDA CARAJO.','',5,1,1,0,1,NULL,'2009-05-23 19:52:09','2009-05-25 15:58:34','CARAJO FUI A TRABAJAR AL CAMPO, ME TOCO TRABAJAR CON DOS COJUDOS '),(73,'bueno pues un dia mi novio fue a una quinceañera entonces yo le pedi a mi prima que me lo cuidara y que me dijera si andaba de volado con otras  entonces al siguiente dia mi prima me dijo que mi novio y sus amigos se fueron de la quinceañera con unas amigas desde las 9 de la noche y llegaron hasta las 11 entonces miro a mi novio se la paso muy junto con una de sus amigas y lo peor es que yo no las conozco entonces estoy segura que mi novio me puso los cuernos.','chikis.sexy@hotmail.com',6,6,1,0,5,NULL,'2009-05-25 00:19:33','2009-05-27 01:49:14','bueno pues un dia mi novio fue a una quinceañera entonces yo '),(74,'Acabo de tener sexo con mi ex.....me gustaria que opinen si esto esta bien...estamos los dos sin pareja....pasa que yo no lo amo...pero el si me ama...esta bien que lo deje hacerme el amor?','',0,7,1,0,5,NULL,'2009-05-25 06:56:37','2009-05-26 02:14:06','Acabo de tener sexo con mi ex.....me gustaria que opinen si esto '),(75,'Menuda mierda, resulta que este año queria ir a la campus party, y me gasté como 1000 euros en el pc, cambiando piezas, y la putada es que acabo de montaro todo, lo enciendo, y va perfectamente, pues en eso va mi hermana con un destornillador, lo mete en la caja del pc(que estaba abierta) y se quema el pc...',NULL,7,0,1,0,7,23,'2009-05-25 10:45:40','2009-05-26 07:54:54','Menuda mierda, resulta que este año queria ir a la campus party, '),(76,'bno sto sta asi no se si realmente soi lesviana o bisexual ia ke e tenido novios i ace poko kmo 2 meses ia ksi 3 una xica ze me declaro i io le di el zi pro zupueztamente zolo kdia zabr ke ze zentia i azta zte momento no e podido trminar la relacion ia ke me ziento mui a guzto kn eiia i ze ke la kdo kn migo pro en zi io no ziento atraccion alguna por las mujeres.....realmente es extraño ia ke eiia me prende muxo waaaaa ztoi knfundida necezito aiuda','anel_tiger@msn.com',1,0,1,0,5,NULL,'2009-05-25 20:30:19','2009-05-26 05:06:18','bno sto sta asi no se si realmente soi lesviana o bisexual ia '),(77,'estoy enamorada de mi ex y tenemos un hijo pero el ya no me quiere y habla con otra chica como vuelvo con el???','nataliaestradah@hotmail.com',1,1,1,0,5,NULL,'2009-05-25 22:58:20','2009-05-26 05:03:27','estoy enamorada de mi ex y tenemos un hijo pero el ya no me quiere '),(78,'Hola soy una chica de 29 años y  el sabado conoci por primera vez a un chico de internet en persona....el caso es ke me gusta y fui una idiota y no me enrrolle con el,ahora me arrepiento de ello.a parte de eso el no sabe que yo soy mucho mayor que el y no se lo kiero decir por temor a ke no kiera verme mas...\r\nes ke me gusta mucho,ke hago?\r\nkiero algun consejo.\r\nun saludo',NULL,1,4,1,0,5,25,'2009-05-25 23:12:58','2009-05-26 15:25:00','Hola soy una chica de 29 años y  el sabado conoci por primera '),(79,'pues mi historia esque me acoste con mi amigo de varios meses de amistad y me enamore de el.aora ya somos novios\r\ny le e preguntado varias vececes que si me quiere y me decia que si.aora le mande  un texto diciendole que yo se que el me quiere \r\ncomo amiga que ya lo sabia seguun yo y si le atine..\r\nppor que no lo nego.y le dije enrtonces por qeue sta conmigo\r\ny me dijo que por que no sabe que aria sin mi..\r\nme siento de la mierda..\r\npor que yo pensaba ques i me queria y para acabarla de cagar,el me quieto mi virginidad ..que la mierda ..pero claro me dijo que no me ba dejar y no se que pedo',NULL,3,0,1,0,5,26,'2009-05-26 04:31:52','2009-05-26 07:53:34','pues mi historia esque me acoste con mi amigo de varios meses '),(80,'Hablanndo de despiches, falta un desmadre para que se arme otro, estoy en una etapa sumamente complicada de mi vida, enredos van y bienen, para terminarla de hacer me voy enamorando de una chica mayor que yo, y la verdad cada día me despicha más la varas ese juego de que si pero como que no, que hago y como me doy cuenta si esta interezada','',0,3,1,0,7,NULL,'2009-05-26 06:50:03','2009-05-27 00:18:46','Hablanndo de despiches, falta un desmadre para que se arme otro, '),(81,'conoci a una persona maravillosa, nos empesamos a conocer y sin darme cuenta me enamore de el, locamente lo adoro lo AmO no se si el sienta algo por mi, talves no lo mismo q yo pero aunq sea algo, es inevitable q nuestros labios esten juntos, igualmente es algo q se da y no lo evito, pero maldita...! sea! no se q mierdas me paso un jueves q quiso volver a besarme y lo detuve y de estupida le dije q no queria q se volviera costumbre no se q me paso cuando le dije eso q imbecil soy y lo peor es q lo hize sentir mal y me siento de lo peor...! creo q el en verdad quiere algo con migo o queria ya no lo se;pero ahora piensa q yo solo quiero ser su amiga le he mandado correos diciendole cuanto lo quiero, amo y significa para mi, hasta le mande uno diciendole por q lo dije esa estupida frase, bueno ni tan estupida por q por eso,lo estoy perdiendo,ademas por nuestros estudios es muy poco el tiempo q nos vemos desde ese dia no nos hemos visto por q no se ha dado la oportunidad pero igualmente hemos estado conectados, pero ya no es lo mismo de antes y me duele saber q todo cambio x mi culpa me quiero morir me siento re.. mal no solo mi corazon y mi alma se estan destruyendo si no q tambien todo lo q me rodea, lo peor es q ahora ya no me dice nada, no se q hacer PORFAVOR ayudemen demen un consejo no lo quiero PERDER o q se aleje mas de mi, q hago, no se,PORFAVOR digamen algo q me ayude o me sirva porfavor.. grax..','johanita-9401@hotmail.com',0,0,1,0,5,NULL,'2009-05-26 15:29:58','2009-05-26 15:29:58','conoci a una persona maravillosa, nos empesamos a conocer y sin '),(82,'deje a mi ex hace ya unos seis meses y pasa de mi,pero en cuanto le digo ke si sali el sabado por ahi u otra cosa parecida........\r\nestamos hablando por el mesenger y me dice ke se tiene ke ir porke parece ke no le interesa lo ke digo ,pero solo lo hace cuando le hablo de ese tipo de cosas...ke le pasa?\r\npor ke reacciona asi?\r\nke opinais?\r\ngracias por leerme \r\nun saludo','rakelduendeciya@hotmail.es',1,0,1,0,5,NULL,'2009-05-26 15:37:57','2009-05-27 19:28:47','deje a mi ex hace ya unos seis meses y pasa de mi,pero en cuanto '),(83,'hola soy diana estoy muy triste la mujer del hombre q amo me esta haciendo brujeria y el esta volviendose loco por mi ....nose q hacer necesito ayuda..mi celular es 3102338224','dianitaosi1107@hotmail.com',1,1,1,0,4,NULL,'2009-05-26 23:01:51','2009-05-27 09:57:57','hola soy diana estoy muy triste la mujer del hombre q amo me '),(84,'cuando conocia esa chava ella fue la k comenzo toda nuestra relacion y ahora ella se a ido y hay otra chava k me gusta pero no se como llegarle tengo miedo a perderla','culo2009@live.com.mx',0,0,1,0,5,NULL,'2009-05-26 23:20:36','2009-05-26 23:20:36','cuando conocia esa chava ella fue la k comenzo toda nuestra relacion '),(85,'Bueno mi historia empieza en una discoteca, con unos amigos nos dimos el reto de tener una aventura de una noche por la cual debiamos a la CHICA que nos encontraramos datos diferentes a los reales YO ME INVENTE UN NOMBRE MEDIO ESTUPIDO COMO PAUL RAMOS AMPUERO luego buscamos a las victimas y de repente veo a una chica con cabello negro alta y de curvas pronunciadas la cual me atrayo de repente luego le invité un trago y le di mis \"DATOS\"  tomamos como 1000 cajas de cerveza y la lleve a un hotel yop ya me estaba preparando cuando de repente se va al baño se demora creo como media hora y se mete a la cama nos empezamos a besar y de pronto le baje la minifalda le bajo la ropa interior y me doy cuenta que la chica no era mujer ERA HOMBREE!!! aterrorizado le dije que iba a comprar COSAS ESPECIALES agarre mi ropa me cambie en las escaleras tome un taxi y me fui directo a hasta mi casa gaste un dinral en el taxi pero me aleje de ese MUJER-HOMBRE desde ahi no voy a las discotecas y me quedo en mi casa convenciendome que a pesar de es problema soy bien HOMBRE.','frh_135@hotmail.com',7,0,1,0,6,NULL,'2009-05-26 23:59:49','2009-05-27 20:14:19','Bueno mi historia empieza en una discoteca, con unos amigos nos '),(86,'mi historia es esta ...bueno io me acostumbrado estar sola... no me gusta tener enamoradooo  pero no crean k sea desvi eh tenido mis agarres pero eso no significa k sea una Pu.. la cosa es k ultimo se me mando un pata la cosa k lo acepte por k me rogo ps pero como paraba llamando y keria k le llame y keria verme ah cada rato y todo eso no me gusto y la cosa k termine a los dos dias nomas pero por msj nada mas pero ahora k lo pienso me gusto sus bess ahora no se k hacer enviarle un msj o no ...no se la verdad pero para regresar con elll naaa solamente lo kiero como un amioo o talves nooo ?????','kariixx@hotmail.com',0,1,1,0,5,NULL,'2009-05-27 16:25:10','2009-05-27 20:26:55','mi historia es esta ...bueno io me acostumbrado estar sola... '),(87,'Hola estoy hasta los mismisimos de mi psikitra no me hace ni caso es una puta mierda................arggggggggggg\r\ntenia ke desahogarme chao\r\ny no me puedo cambiar de especialista porke todos son iguales en ese centro de pasotas,pero como me correspone por zona...','rakelduendeciya@hotmail.es',0,1,1,0,3,NULL,'2009-05-27 18:23:14','2009-05-27 20:26:19','Hola estoy hasta los mismisimos de mi psikitra no me hace ni ');
/*!40000 ALTER TABLE `stories` ENABLE KEYS */;
UNLOCK TABLES;

--
-- Table structure for table `taggings`
--

DROP TABLE IF EXISTS `taggings`;
SET @saved_cs_client     = @@character_set_client;
SET character_set_client = utf8;
CREATE TABLE `taggings` (
  `id` int(11) NOT NULL auto_increment,
  `tag_id` int(11) default NULL,
  `taggable_id` int(11) default NULL,
  `taggable_type` varchar(255) default NULL,
  `created_at` datetime default NULL,
  PRIMARY KEY  (`id`),
  KEY `index_taggings_on_tag_id` (`tag_id`),
  KEY `index_taggings_on_taggable_id_and_taggable_type` (`taggable_id`,`taggable_type`)
) ENGINE=InnoDB AUTO_INCREMENT=94 DEFAULT CHARSET=utf8;
SET character_set_client = @saved_cs_client;

--
-- Dumping data for table `taggings`
--

LOCK TABLES `taggings` WRITE;
/*!40000 ALTER TABLE `taggings` DISABLE KEYS */;
INSERT INTO `taggings` VALUES (1,1,1,'Story','2009-05-05 21:43:19'),(2,2,1,'Story','2009-05-05 21:43:19'),(3,3,1,'Story','2009-05-05 21:43:19'),(4,4,2,'Story','2009-05-05 21:44:01'),(5,5,2,'Story','2009-05-05 21:44:01'),(6,6,2,'Story','2009-05-05 21:44:01'),(7,7,2,'Story','2009-05-05 21:44:01'),(8,8,15,'Story','2009-05-10 03:50:15'),(9,9,15,'Story','2009-05-10 03:50:15'),(10,5,19,'Story','2009-05-11 21:43:22'),(11,6,19,'Story','2009-05-11 21:43:22'),(12,10,19,'Story','2009-05-11 21:43:23'),(13,11,19,'Story','2009-05-11 21:43:23'),(14,12,19,'Story','2009-05-11 21:43:23'),(15,13,20,'Story','2009-05-11 23:05:13'),(16,14,22,'Story','2009-05-12 10:24:23'),(17,15,22,'Story','2009-05-12 10:24:23'),(18,16,22,'Story','2009-05-12 10:24:23'),(19,17,22,'Story','2009-05-12 10:24:23'),(20,18,22,'Story','2009-05-12 10:24:23'),(21,19,22,'Story','2009-05-12 10:24:23'),(22,20,25,'Story','2009-05-12 18:09:16'),(23,5,25,'Story','2009-05-12 18:09:16'),(24,21,27,'Story','2009-05-13 01:40:48'),(25,22,27,'Story','2009-05-13 01:40:48'),(26,23,27,'Story','2009-05-13 01:40:48'),(27,24,27,'Story','2009-05-13 01:40:48'),(28,25,30,'Story','2009-05-16 03:08:47'),(29,26,32,'Story','2009-05-16 12:36:05'),(30,27,32,'Story','2009-05-16 12:36:05'),(31,28,32,'Story','2009-05-16 12:36:05'),(32,29,32,'Story','2009-05-16 12:36:05'),(33,30,33,'Story','2009-05-16 14:30:05'),(34,31,33,'Story','2009-05-16 14:30:05'),(35,32,33,'Story','2009-05-16 14:30:05'),(36,33,33,'Story','2009-05-16 14:30:05'),(37,5,34,'Story','2009-05-17 00:38:57'),(38,34,34,'Story','2009-05-17 00:38:57'),(39,35,36,'Story','2009-05-17 06:27:13'),(40,36,37,'Story','2009-05-17 06:29:36'),(41,37,37,'Story','2009-05-17 06:29:36'),(42,36,38,'Story','2009-05-17 06:31:59'),(43,38,40,'Story','2009-05-19 03:24:01'),(44,39,41,'Story','2009-05-19 13:44:03'),(45,40,41,'Story','2009-05-19 13:44:03'),(47,42,45,'Story','2009-05-20 12:17:22'),(48,24,45,'Story','2009-05-20 12:17:22'),(49,43,45,'Story','2009-05-20 12:17:22'),(50,44,46,'Story','2009-05-20 14:27:01'),(51,45,47,'Story','2009-05-20 17:28:21'),(52,46,47,'Story','2009-05-20 17:28:22'),(53,47,47,'Story','2009-05-20 17:28:22'),(54,48,48,'Story','2009-05-20 18:47:38'),(55,24,48,'Story','2009-05-20 18:47:38'),(56,49,48,'Story','2009-05-20 18:47:38'),(57,33,53,'Story','2009-05-20 22:59:12'),(58,50,54,'Story','2009-05-20 23:13:11'),(59,51,55,'Story','2009-05-21 16:24:46'),(60,24,56,'Story','2009-05-21 19:30:54'),(61,23,56,'Story','2009-05-21 19:30:54'),(62,22,56,'Story','2009-05-21 19:30:54'),(63,52,57,'Story','2009-05-21 20:40:51'),(64,53,58,'Story','2009-05-22 00:40:46'),(65,54,58,'Story','2009-05-22 00:40:46'),(66,55,60,'Story','2009-05-22 05:46:47'),(67,56,61,'Story','2009-05-22 06:42:09'),(68,57,64,'Story','2009-05-22 21:02:24'),(69,58,64,'Story','2009-05-22 21:02:24'),(70,59,65,'Story','2009-05-22 21:42:33'),(71,60,66,'Story','2009-05-22 23:29:13'),(72,61,67,'Story','2009-05-23 04:58:20'),(73,62,67,'Story','2009-05-23 04:58:20'),(74,63,67,'Story','2009-05-23 04:58:20'),(75,31,67,'Story','2009-05-23 04:58:20'),(76,64,67,'Story','2009-05-23 04:58:20'),(77,65,68,'Story','2009-05-23 05:18:28'),(78,66,68,'Story','2009-05-23 05:18:28'),(79,67,68,'Story','2009-05-23 05:18:28'),(80,68,71,'Story','2009-05-23 17:06:29'),(81,69,71,'Story','2009-05-23 17:06:29'),(82,23,71,'Story','2009-05-23 17:06:29'),(83,31,73,'Story','2009-05-25 00:19:34'),(84,56,73,'Story','2009-05-25 00:19:34'),(85,70,73,'Story','2009-05-25 00:19:34'),(86,71,76,'Story','2009-05-25 20:30:20'),(87,33,78,'Story','2009-05-25 23:12:59'),(88,72,79,'Story','2009-05-26 04:31:52'),(89,33,82,'Story','2009-05-26 15:37:58'),(90,73,83,'Story','2009-05-26 23:01:53'),(91,74,84,'Story','2009-05-26 23:20:37'),(92,75,85,'Story','2009-05-26 23:59:50'),(93,76,86,'Story','2009-05-27 16:25:10');
/*!40000 ALTER TABLE `taggings` ENABLE KEYS */;
UNLOCK TABLES;

--
-- Table structure for table `tags`
--

DROP TABLE IF EXISTS `tags`;
SET @saved_cs_client     = @@character_set_client;
SET character_set_client = utf8;
CREATE TABLE `tags` (
  `id` int(11) NOT NULL auto_increment,
  `name` varchar(255) default NULL,
  PRIMARY KEY  (`id`)
) ENGINE=InnoDB AUTO_INCREMENT=77 DEFAULT CHARSET=utf8;
SET character_set_client = @saved_cs_client;

--
-- Dumping data for table `tags`
--

LOCK TABLES `tags` WRITE;
/*!40000 ALTER TABLE `tags` DISABLE KEYS */;
INSERT INTO `tags` VALUES (1,'Borrachera'),(2,'vómito'),(3,'padres'),(4,'Trabajo'),(5,'mierda'),(6,'cagar'),(7,'asco'),(8,'princesa'),(9,'desesperada'),(10,'setas'),(11,'hongos'),(12,'ascerosso'),(13,'amigito'),(14,'truño'),(15,'zurullo'),(16,'dieta'),(17,'reloj'),(18,'atasco'),(19,'cagada'),(20,'que'),(21,'carro'),(22,'salud'),(23,'dinero'),(24,'amor'),(25,'chote'),(26,'polla'),(27,'sexo'),(28,'jodido'),(29,'zorra'),(30,'auntobus'),(31,'fiesta'),(32,'mascota'),(33,'amigo'),(34,'ksmre'),(35,'colegio'),(36,'broma'),(37,'e-mail'),(38,'el beso'),(39,'perro'),(40,'hijueputa'),(41,'so-sa'),(42,'loco'),(43,'emo'),(44,'chica amor amigo pintura'),(45,'estara'),(46,'enamorada'),(47,'de mi'),(48,'salon'),(49,'indecision.'),(50,'solola'),(51,'ricardo'),(52,'Recado'),(53,'desilucion'),(54,'odio'),(55,'poncho'),(56,'amigos'),(57,'hermana'),(58,'tia'),(59,'perra. bitch hhh'),(60,'efrain'),(61,'novia'),(62,'gusta'),(63,'besamos'),(64,'cumpleaños'),(65,'amo'),(66,'amistad'),(67,'sinseridad'),(68,'chica'),(69,'auto'),(70,'prima'),(71,'soi lesviana?'),(72,'que la mierda'),(73,'si'),(74,'orejas'),(75,'GRAN Sorpresa'),(76,'dufito');
/*!40000 ALTER TABLE `tags` ENABLE KEYS */;
UNLOCK TABLES;

--
-- Table structure for table `users`
--

DROP TABLE IF EXISTS `users`;
SET @saved_cs_client     = @@character_set_client;
SET character_set_client = utf8;
CREATE TABLE `users` (
  `id` int(11) NOT NULL auto_increment,
  `login` varchar(255) default NULL,
  `email` varchar(255) default NULL,
  `crypted_password` varchar(40) default NULL,
  `salt` varchar(40) default NULL,
  `created_at` datetime default NULL,
  `updated_at` datetime default NULL,
  `remember_token` varchar(255) default NULL,
  `remember_token_expires_at` datetime default NULL,
  `activation_code` varchar(40) default NULL,
  `activated_at` datetime default NULL,
  `wants_newsletter` tinyint(1) default '1',
  `country_id` int(11) default NULL,
  PRIMARY KEY  (`id`)
) ENGINE=InnoDB AUTO_INCREMENT=28 DEFAULT CHARSET=utf8;
SET character_set_client = @saved_cs_client;

--
-- Dumping data for table `users`
--

LOCK TABLES `users` WRITE;
/*!40000 ALTER TABLE `users` DISABLE KEYS */;
INSERT INTO `users` VALUES (1,'fabito','fabian.dittrich@gmail.com','b7ddad454aa5b76c894bff574732d847233b4fe9','34bc47e61fac34b27835d3a21c463cf2d7efe1db','2009-05-05 21:40:37','2009-05-19 15:20:15','3d9f9c4795b7b05cb367f8ef6529770a65953a63','2009-06-02 15:20:15',NULL,'2009-05-06 07:21:25',1,NULL),(2,'julia','elenacon@hotmail.com','9431b857b65359b3b9b26f38927c511895cab70a','71587f93deeae411595066a44ef75eec539d7002','2009-05-05 21:41:24','2009-05-27 20:17:37','b66e449ec54adb90b4630830635fa940659f8abf','2009-06-10 20:17:37',NULL,'2009-05-05 21:41:56',1,NULL),(3,'Lary','lary696@hotmail.com','7b1d71bf08cd5e710a2ecae7dae7c7ceaa94ae51','fb516d1afecbd200a48a66e58895c9face847263','2009-05-07 20:17:59','2009-05-07 20:17:59',NULL,NULL,'a67cd6835e01a713a97e263cfbde735dc9ef4abc',NULL,1,NULL),(4,'marcelo alvarez','no_entryn@hotmail.com','073bd7004c349f5dada88254bc8cc3eea8518938','cf225160a3ae7afcec75cd12852d3ef70b3cf35b','2009-05-08 21:48:08','2009-05-10 03:07:03','889dca4e38d6cb5ef85997814b8fa2141421ea1e','2009-05-24 03:07:03',NULL,'2009-05-08 23:18:29',1,NULL),(5,'angie','isa_tkm_982009@hotmail.com','2a31e3836c137851ff72c467b83d87bac36c412c','658ea867b14d31c72727f3951a02575e02c0b299','2009-05-08 22:22:42','2009-05-08 22:22:42',NULL,NULL,'ddf4024e3befd0a5141f7c9871e5904947ce0a63',NULL,1,NULL),(6,'kaiser','hobbit_lacomarca@yahoo.com.mx','b654a31dc0600ceb59b6d505fafea31775b3d3c7','9027be35e6733e443803707b6dc7ffac4a85802b','2009-05-11 00:25:06','2009-05-11 00:25:06',NULL,NULL,'f946a1eb05d2c640c2cf9d8a77170b5093b57bf2',NULL,1,NULL),(7,'pavel','koin10@hotmail.com','ef494148cd77a2c9b05986984907d2614c7b9ec2','4b7a260b5a3150f8d9514cdd259f4ce7ce986ee5','2009-05-11 03:16:40','2009-05-11 05:27:53',NULL,NULL,NULL,'2009-05-11 05:27:53',1,NULL),(8,'leo_msn','world_2008@msn.com','87c66177c3010d7097e3435b3646b916cac4ca50','5dd96bd75f51616612f2ae691f5a7765f5fbdc10','2009-05-11 03:26:16','2009-05-11 03:26:16',NULL,NULL,'23eaddf0f00b77db9fc534718fcb48551b72f6b9',NULL,1,NULL),(9,'zaurin','fygs_tauro','d05de4de8ee5fab82595bfe7be63118879b6a0e1','255a5f16e27e167bc58fff56d458497928d7adfa','2009-05-11 04:18:28','2009-05-11 04:18:28',NULL,NULL,'7c95b1c42aab9bb1826796e029784109ce51af3e',NULL,1,NULL),(10,'Bryan','bry_vanroy@hotmail.com','203dc412853687d4ac9aa479d2fc0a1bcd1052ef','df6e543b4cd161e097c0e8f80522e7250d4c0bee','2009-05-11 16:44:33','2009-05-11 16:44:33',NULL,NULL,'1d77a8a2c045aa45c3f22e2daa2f8b39a4696d0e',NULL,1,NULL),(11,'saritabb','sara_bo_33@hotmail.com','e10fc52a0d1c69df25d9957f5f46374ed0ccbcac','7e2456de1639a51a39e07f11511ac7035cbbc0c9','2009-05-11 23:00:56','2009-05-11 23:00:56',NULL,NULL,'5cacffc6da24827cd66d98828a42af512a77032d',NULL,1,NULL),(12,'Petri','escuxa@yahoo.es','0055c7f7ba351e565f0a15e3488b91bf35d6e391','274d63ae010c02f17a1808b8b1acee040d1d2951','2009-05-12 14:49:20','2009-05-12 14:49:20',NULL,NULL,'dae0bca7aba4a8ca1e49e079f843bc4d06be0e13',NULL,1,NULL),(13,'elena J','peterpan_33@hotmail.com','0c7c2712535342a14cd49d09d0a36e2ac0aadaa6','6ebef003323702ecc8a102ba9de6cf6b71cde0f4','2009-05-12 17:34:35','2009-05-12 17:34:35',NULL,NULL,'497dd3062f38f8e4cccb7d7cbf2ad1cc96452c7d',NULL,1,NULL),(14,'abner alvarez tarrillo','abner_207@hotmil.com','1c3bb7414acc263d422484f4fa367e757639c3e7','339654acd60b4e8db64f48297c51158f0bc04109','2009-05-13 21:07:37','2009-05-13 21:07:37',NULL,NULL,'7089b70c0ac2ccb661735bcd5e5ea6d0f2f00d90',NULL,1,NULL),(15,'tati','chechi2073@hotmail.com','3545a0ea5a4519a6709c5d438a88f511fe76d7fb','c6fd07e031ca31a2d915f7166653e22e7eeff770','2009-05-16 07:44:10','2009-05-23 05:37:46',NULL,NULL,NULL,'2009-05-16 07:45:59',1,NULL),(16,'Elena ','Rubii_chula@hotmail.com','c5e23ec0b3c3cdcc57fe3da4df765547178c20a6','9f2566c895f7127db7daa822511ea72c1db91425','2009-05-18 18:28:06','2009-05-18 18:28:06',NULL,NULL,'4f212dfd8e125893461a4c310e56777b98fcb293',NULL,1,NULL),(17,'paloma','paloma451@live.com','2f5e38a83e3c2f1dd45b918a2196a868726573c4','90e9b7670dc9fec834885b36078c5f1b417ac8c3','2009-05-19 03:07:11','2009-05-19 03:07:11',NULL,NULL,'6c44b72c5f350fc1450ae416a2a5966cdc4dc8b4',NULL,1,NULL),(18,'farley','fm.08525@hotmail.com','f0099357d0faf1ec24989bbccec8df8c02e87dd4','091d119432acda08ff9debdbc1ea850e1b5c7cf3','2009-05-19 03:34:58','2009-05-19 03:34:58',NULL,NULL,'97ceeb430fa4471c1da6dc2eab8ef00dccd19755',NULL,1,NULL),(19,'estbn.gdl','estebanecm@hotmail.com','720aad56dba704266c993b81af5d4ed820786cd7','04187479e69ab16a7aa1e246171a0a31b5589b47','2009-05-20 14:31:30','2009-05-21 19:13:05','dc4101645db06a8f68f41e512b770fd19ee7fa33','2009-06-04 19:13:05',NULL,'2009-05-20 14:32:50',1,NULL),(20,'marilyn','magahexis@hotmail.com','4535edd7006faeac990695740bc4d93538c4d231','0e946f29d59afb42f2654c76bb27534bbff16c05','2009-05-22 05:17:17','2009-05-22 05:17:17',NULL,NULL,'3f157063740bdb7247183572326178487e4cd3d0',NULL,1,NULL),(21,'elcoqueto13','zinckq@hotmail.com','3bbe828c66e94d61d48c681cf01b8aac73d00170','88cf360656515f8cd1b488491b38133ce67ad233','2009-05-24 17:30:22','2009-05-24 17:30:22',NULL,NULL,'759720e740ab4a16e28fe2a6c0350a14c9d33919',NULL,1,NULL),(22,'synned','a_@hotmail.com','ceaa57259f32333487790c877452b21a92788b8d','1ea6f246680ef9a81ba36a1a049c2f2f528e295b','2009-05-24 19:57:09','2009-05-24 19:57:09',NULL,NULL,'9793d6d85b45e248e0523941b51711a30d365545',NULL,1,NULL),(23,'putopollo','putopoyo@hotmail.com','ea8cc9f90b11ea1b1856e89e3e9193c1db8ce442','62943076e58e1f76f0679eb2f8538e81c1552e19','2009-05-25 10:40:20','2009-05-25 10:40:20',NULL,NULL,'7add40737e0128ed526723682b459b86faefa2b1',NULL,1,NULL),(24,'mondra','mondra11@hotmail.com','446e238997de48e58d8d3be9906ce225f7e547ab','4ff5acc1279f04c1ae7ac092fe01a36bc2bbfd7c','2009-05-25 15:45:13','2009-05-25 23:09:34',NULL,NULL,NULL,'2009-05-25 23:09:34',1,NULL),(25,'jenifer30','rakelduendeciya@hotmail.es','345d9c758eb0230e221f6ad926d072664ef2dbd0','6664da82c76657b7a6fbede17f1c6544efaebb45','2009-05-25 23:06:39','2009-05-25 23:06:39',NULL,NULL,'57448ffa4c1a13b8b1ada833acab5763b307e625',NULL,1,NULL),(26,'amparo','macianita20004@hotmail.com','eb94f930099207ab7689e42e9c2c279403c7ab79','231e37b6eac287e492a0f05a004d6b326e667faa','2009-05-26 04:26:41','2009-05-26 04:26:41',NULL,NULL,'ee1bee7344ee4d8c1f5bf258ed96b14418d123fb',NULL,1,NULL),(27,'laura rodrigues','www.bonita@mariposa.com','8d56027ff6fd295231d178cae3ef776ce4c35966','f2d44cab5404abb2bd01e68c6a7cc6929111a2da','2009-05-26 22:11:43','2009-05-26 22:11:43',NULL,NULL,'93baa5c68aed4d6f343ebf53148dacd8cde5a9bf',NULL,1,NULL);
/*!40000 ALTER TABLE `users` ENABLE KEYS */;
UNLOCK TABLES;
/*!40103 SET TIME_ZONE=@OLD_TIME_ZONE */;

/*!40101 SET SQL_MODE=@OLD_SQL_MODE */;
/*!40014 SET FOREIGN_KEY_CHECKS=@OLD_FOREIGN_KEY_CHECKS */;
/*!40014 SET UNIQUE_CHECKS=@OLD_UNIQUE_CHECKS */;
/*!40101 SET CHARACTER_SET_CLIENT=@OLD_CHARACTER_SET_CLIENT */;
/*!40101 SET CHARACTER_SET_RESULTS=@OLD_CHARACTER_SET_RESULTS */;
/*!40101 SET COLLATION_CONNECTION=@OLD_COLLATION_CONNECTION */;
/*!40111 SET SQL_NOTES=@OLD_SQL_NOTES */;

-- Dump completed on 2009-05-27 20:45:31
